No,Process,Menu,BA Section,BA Sub-section,BA UI Field,BA Mandatory,BA Edit type (ESS),BA Edit type (admin),Section on screen?,Screen section (EN),Screen section (TH),Status,Matched UI label on screen,Note,Evidence screenshot
1,Hiring,Employment,Compensation Information (ค่าตอบแทน),Alternative cost centre,cost centre,Not required,,,YES,Bank details,บัญชีธนาคาร,MISSING,,"Section ""Bank details"" is on screen, but this field is not rendered",shots/en-emp-bank.png
2,Hiring,Employment,Compensation Information (ค่าตอบแทน),Alternative cost centre,Allocation %,Not required,,,YES,Bank details,บัญชีธนาคาร,MISSING,,"Section ""Bank details"" is on screen, but this field is not rendered",shots/en-emp-bank.png
3,Hiring,Employment,Compensation Information (ค่าตอบแทน),Payment Information,Bank Code,Required,edit with approval flow_2,,YES,Bank details,บัญชีธนาคาร,MISSING,,"Section ""Bank details"" is on screen, but this field is not rendered",shots/en-emp-bank.png
4,Hiring,Employment,Compensation Information (ค่าตอบแทน),Payment Information,Bank,Required,edit with approval flow_2,,YES,Bank details,บัญชีธนาคาร,FOUND,Bank / ธนาคาร,,shots/en-emp-bank.png
5,Hiring,Employment,Compensation Information (ค่าตอบแทน),Payment Information,Account Number,Required,edit with approval flow_2,,YES,Bank details,บัญชีธนาคาร,FOUND,Account number / เลขที่บัญชี,,shots/en-emp-bank.png
6,Hiring,Employment,Compensation Information (ค่าตอบแทน),Payment Information,Bank Country/Region,Required,view,,YES,Bank details,บัญชีธนาคาร,MISSING,,"Section ""Bank details"" is on screen, but this field is not rendered",shots/en-emp-bank.png
7,Hiring,Employment,Compensation Information (ค่าตอบแทน),Payment Information,Currency,Required,view,,YES,Bank details,บัญชีธนาคาร,MISSING,,"Section ""Bank details"" is on screen, but this field is not rendered",shots/en-emp-bank.png
8,Hiring,Employment,Compensation Information (ค่าตอบแทน),Payment Information,Payment Method,Required,view,,YES,Bank details,บัญชีธนาคาร,MISSING,,"Section ""Bank details"" is on screen, but this field is not rendered",shots/en-emp-bank.png
9,Hiring,Employment,Compensation Information (ค่าตอบแทน),Payment Information,Attachment,,,,YES,Bank details,บัญชีธนาคาร,MISSING,,"Section ""Bank details"" is on screen, but this field is not rendered",shots/en-emp-bank.png
10,Hiring,Employment,Compensation Information (ค่าตอบแทน),,Payroll ID,Not required,,,YES,Bank details,บัญชีธนาคาร,MISSING,,"Section ""Bank details"" is on screen, but this field is not rendered",shots/en-emp-bank.png
11,Hiring,Employment,Compensation Information (ค่าตอบแทน),,Pay Type,Required,view,,YES,Bank details,บัญชีธนาคาร,MISSING,,"Section ""Bank details"" is on screen, but this field is not rendered",shots/en-emp-bank.png
12,Hiring,Employment,Compensation Information (ค่าตอบแทน),,Pay Component,Required,view,,YES,Bank details,บัญชีธนาคาร,MISSING,,"Section ""Bank details"" is on screen, but this field is not rendered",shots/en-emp-bank.png
13,Hiring,Employment,Compensation Information (ค่าตอบแทน),,Frequency,Required,view,,YES,Bank details,บัญชีธนาคาร,MISSING,,"Section ""Bank details"" is on screen, but this field is not rendered",shots/en-emp-bank.png
14,Hiring,Employment,Compensation Information (ค่าตอบแทน),,Amount,Required,view,,YES,Bank details,บัญชีธนาคาร,MISSING,,"Section ""Bank details"" is on screen, but this field is not rendered",shots/en-emp-bank.png
15,Hiring,Employment,Compensation Information (ค่าตอบแทน),,Currency,Required,view,,YES,Bank details,บัญชีธนาคาร,MISSING,,"Section ""Bank details"" is on screen, but this field is not rendered",shots/en-emp-bank.png
16,Hiring,Employment,Compensation Information (ค่าตอบแทน),,pay group,Required,view,,YES,Bank details,บัญชีธนาคาร,MISSING,,"Section ""Bank details"" is on screen, but this field is not rendered",shots/en-emp-bank.png
17,Hiring,Personal,Contact (ข้อมูลติดต่อ),Home Address,Address Type,Required,edit with approval flow_1,edit without approval,YES,Contact & address,การติดต่อและที่อยู่,MISSING,,"Section ""Contact & address"" is on screen, but this field is not rendered",shots/en-emp-contact-address.png
18,Hiring,Personal,Contact (ข้อมูลติดต่อ),Home Address,Floor,Not Required,edit with approval flow_1,edit without approval,YES,Contact & address,การติดต่อและที่อยู่,MISSING,,"Section ""Contact & address"" is on screen, but this field is not rendered",shots/en-emp-contact-address.png
19,Hiring,Personal,Contact (ข้อมูลติดต่อ),Home Address,Room No.,Not Required,edit with approval flow_1,edit without approval,YES,Contact & address,การติดต่อและที่อยู่,MISSING,,"Section ""Contact & address"" is on screen, but this field is not rendered",shots/en-emp-contact-address.png
20,Hiring,Personal,Contact (ข้อมูลติดต่อ),Home Address,Village,Not Required,edit with approval flow_1,edit without approval,YES,Contact & address,การติดต่อและที่อยู่,PARTIAL,(no dedicated label),Address (composite string),shots/en-emp-contact-address.png
21,Hiring,Personal,Contact (ข้อมูลติดต่อ),Home Address,House Number,Required,edit with approval flow_1,edit without approval,YES,Contact & address,การติดต่อและที่อยู่,PARTIAL,(no dedicated label),Address (composite string),shots/en-emp-contact-address.png
22,Hiring,Personal,Contact (ข้อมูลติดต่อ),Home Address,Building,Not Required,edit with approval flow_1,edit without approval,YES,Contact & address,การติดต่อและที่อยู่,MISSING,,"Section ""Contact & address"" is on screen, but this field is not rendered",shots/en-emp-contact-address.png
23,Hiring,Personal,Contact (ข้อมูลติดต่อ),Home Address,Street,Not Required,edit with approval flow_1,edit without approval,YES,Contact & address,การติดต่อและที่อยู่,PARTIAL,(no dedicated label),Address (composite string),shots/en-emp-contact-address.png
24,Hiring,Personal,Contact (ข้อมูลติดต่อ),Home Address,Moo,Not Required,edit with approval flow_1,edit without approval,YES,Contact & address,การติดต่อและที่อยู่,MISSING,,"Section ""Contact & address"" is on screen, but this field is not rendered",shots/en-emp-contact-address.png
25,Hiring,Personal,Contact (ข้อมูลติดต่อ),Home Address,Lane / Soi,Not Required,edit with approval flow_1,edit without approval,YES,Contact & address,การติดต่อและที่อยู่,MISSING,,"Section ""Contact & address"" is on screen, but this field is not rendered",shots/en-emp-contact-address.png
26,Hiring,Personal,Contact (ข้อมูลติดต่อ),Home Address,District,Required,edit with approval flow_1,edit without approval,YES,Contact & address,การติดต่อและที่อยู่,PARTIAL,(no dedicated label),Address (composite string),shots/en-emp-contact-address.png
27,Hiring,Personal,Contact (ข้อมูลติดต่อ),Home Address,Sub-District,Required,edit with approval flow_1,edit without approval,YES,Contact & address,การติดต่อและที่อยู่,PARTIAL,(no dedicated label),Address (composite string),shots/en-emp-contact-address.png
28,Hiring,Personal,Contact (ข้อมูลติดต่อ),Home Address,Province,Required,edit with approval flow_1,edit without approval,YES,Contact & address,การติดต่อและที่อยู่,PARTIAL,(no dedicated label),Address (composite string),shots/en-emp-contact-address.png
29,Hiring,Personal,Contact (ข้อมูลติดต่อ),Home Address,Postal Code,Required,edit with approval flow_1,edit without approval,YES,Contact & address,การติดต่อและที่อยู่,PARTIAL,(no dedicated label),Address (composite string),shots/en-emp-contact-address.png
30,Hiring,Personal,Contact (ข้อมูลติดต่อ),Home Address,Country,Required,edit with approval flow_1,edit without approval,YES,Contact & address,การติดต่อและที่อยู่,MISSING,,"Section ""Contact & address"" is on screen, but this field is not rendered",shots/en-emp-contact-address.png
31,Hiring,Personal,Contact (ข้อมูลติดต่อ),Home Address,Attachment,Not Required,edit with approval flow_1,edit without approval,YES,Contact & address,การติดต่อและที่อยู่,MISSING,,"Section ""Contact & address"" is on screen, but this field is not rendered",shots/en-emp-contact-address.png
32,Hiring,Personal,Contact (ข้อมูลติดต่อ),Email Information,Email Type,Required,edit without approval,edit without approval,YES,Contact & address,การติดต่อและที่อยู่,MISSING,,"Section ""Contact & address"" is on screen, but this field is not rendered",shots/en-emp-contact-address.png
33,Hiring,Personal,Contact (ข้อมูลติดต่อ),Email Information,Email Address,Required,edit without approval,edit without approval,YES,Contact & address,การติดต่อและที่อยู่,FOUND,Email / อีเมล,,shots/en-emp-contact-address.png
34,Hiring,Personal,Contact (ข้อมูลติดต่อ),Email Information,Is Primary,Required,edit without approval,edit without approval,YES,Contact & address,การติดต่อและที่อยู่,PARTIAL,(no dedicated label),★ marker on the primary phone/email,shots/en-emp-contact-address.png
35,Hiring,Personal,Contact (ข้อมูลติดต่อ),Phone Information,Phone Type,Required,edit without approval,edit without approval,YES,Contact & address,การติดต่อและที่อยู่,PARTIAL,(no dedicated label),"shown inline in the phone value, e.g. ""(มือถือ)""",shots/en-emp-contact-address.png
36,Hiring,Personal,Contact (ข้อมูลติดต่อ),Phone Information,Country Code,Required,edit without approval,edit without approval,YES,Contact & address,การติดต่อและที่อยู่,PARTIAL,(no dedicated label),"shown inline in the phone value, e.g. ""+66""",shots/en-emp-contact-address.png
37,Hiring,Personal,Contact (ข้อมูลติดต่อ),Phone Information,Phone Number,Required,edit without approval,edit without approval,YES,Contact & address,การติดต่อและที่อยู่,FOUND,Phone / โทรศัพท์,,shots/en-emp-contact-address.png
38,Hiring,Personal,Contact (ข้อมูลติดต่อ),Phone Information,Extension,Not Required,edit without approval,edit without approval,YES,Contact & address,การติดต่อและที่อยู่,MISSING,,"Section ""Contact & address"" is on screen, but this field is not rendered",shots/en-emp-contact-address.png
39,Hiring,Personal,Contact (ข้อมูลติดต่อ),Phone Information,Is Primary,Required,edit without approval,edit without approval,YES,Contact & address,การติดต่อและที่อยู่,PARTIAL,(no dedicated label),★ marker on the primary phone/email,shots/en-emp-contact-address.png
40,Hiring,Personal,Contact (ข้อมูลติดต่อ),Social Accounts Information,Domain,Not Required,edit without approval,edit without approval,YES,Contact & address,การติดต่อและที่อยู่,MISSING,,"Section ""Contact & address"" is on screen, but this field is not rendered",shots/en-emp-contact-address.png
41,Hiring,Personal,Contact (ข้อมูลติดต่อ),Social Accounts Information,Instant Messaging ID,Not Required,edit without approval,edit without approval,YES,Contact & address,การติดต่อและที่อยู่,MISSING,,"Section ""Contact & address"" is on screen, but this field is not rendered",shots/en-emp-contact-address.png
42,Hiring,Personal,Contact (ข้อมูลติดต่อ),Social Accounts Information,URL,Not Required,edit without approval,edit without approval,YES,Contact & address,การติดต่อและที่อยู่,MISSING,,"Section ""Contact & address"" is on screen, but this field is not rendered",shots/en-emp-contact-address.png
43,Hiring,Personal,Dependents (บุคคลในอุปการะ),,Relationship,Not Required,edit without approval,edit without approval,YES,Dependents,ผู้อุปการะ,PARTIAL,(no dedicated label),card summary line,shots/en-emp-dependents.png
44,Hiring,Personal,Dependents (บุคคลในอุปการะ),,Salutation (EN),Not Required,edit without approval,edit without approval,YES,Dependents,ผู้อุปการะ,MISSING,,"Section ""Dependents"" is on screen, but this field is not rendered",shots/en-emp-dependents.png
45,Hiring,Personal,Dependents (บุคคลในอุปการะ),,Phone,Not Required,edit without approval,edit without approval,YES,Dependents,ผู้อุปการะ,MISSING,,"Section ""Dependents"" is on screen, but this field is not rendered",shots/en-emp-dependents.png
46,Hiring,Personal,Dependents (บุคคลในอุปการะ),,Firstname (EN),Not Required,edit without approval,edit without approval,YES,Dependents,ผู้อุปการะ,PARTIAL,(no dedicated label),card summary line,shots/en-emp-dependents.png
47,Hiring,Personal,Dependents (บุคคลในอุปการะ),,Lastname (EN),Not Required,edit without approval,edit without approval,YES,Dependents,ผู้อุปการะ,PARTIAL,(no dedicated label),card summary line,shots/en-emp-dependents.png
48,Hiring,Personal,Dependents (บุคคลในอุปการะ),,Salutation (Local),Not Required,edit without approval,edit without approval,YES,Dependents,ผู้อุปการะ,MISSING,,"Section ""Dependents"" is on screen, but this field is not rendered",shots/en-emp-dependents.png
49,Hiring,Personal,Dependents (บุคคลในอุปการะ),,Firstname (Local),Not Required,edit without approval,edit without approval,YES,Dependents,ผู้อุปการะ,MISSING,,"Section ""Dependents"" is on screen, but this field is not rendered",shots/en-emp-dependents.png
50,Hiring,Personal,Dependents (บุคคลในอุปการะ),,Lastname (Local),Not Required,edit without approval,edit without approval,YES,Dependents,ผู้อุปการะ,MISSING,,"Section ""Dependents"" is on screen, but this field is not rendered",shots/en-emp-dependents.png
51,Hiring,Personal,Dependents (บุคคลในอุปการะ),,Nationality,Not Required,edit without approval,edit without approval,YES,Dependents,ผู้อุปการะ,MISSING,,"Section ""Dependents"" is on screen, but this field is not rendered",shots/en-emp-dependents.png
52,Hiring,Personal,Dependents (บุคคลในอุปการะ),,Date of Birth,Not Required,edit without approval,edit without approval,YES,Dependents,ผู้อุปการะ,PARTIAL,(no dedicated label),card summary line,shots/en-emp-dependents.png
53,Hiring,Personal,Dependents (บุคคลในอุปการะ),Dependent national ID,Country,Not Required,edit without approval,edit without approval,YES,Dependents,ผู้อุปการะ,MISSING,,"Section ""Dependents"" is on screen, but this field is not rendered",shots/en-emp-dependents.png
54,Hiring,Personal,Dependents (บุคคลในอุปการะ),Dependent national ID,National ID Card Type,Not Required,edit without approval,edit without approval,YES,Dependents,ผู้อุปการะ,MISSING,,"Section ""Dependents"" is on screen, but this field is not rendered",shots/en-emp-dependents.png
55,Hiring,Personal,Dependents (บุคคลในอุปการะ),Dependent national ID,National ID / Tax ID,Not Required,edit without approval,edit without approval,YES,Dependents,ผู้อุปการะ,MISSING,,"Section ""Dependents"" is on screen, but this field is not rendered",shots/en-emp-dependents.png
56,Hiring,Personal,Dependents (บุคคลในอุปการะ),,Primary,Not Required,edit without approval,edit without approval,YES,Dependents,ผู้อุปการะ,MISSING,,"Section ""Dependents"" is on screen, but this field is not rendered",shots/en-emp-dependents.png
57,Hiring,Personal,Dependents (บุคคลในอุปการะ),,Attachment,Not Required,edit without approval,edit without approval,YES,Dependents,ผู้อุปการะ,MISSING,,"Section ""Dependents"" is on screen, but this field is not rendered",shots/en-emp-dependents.png
58,Hiring,Personal,Dependents (บุคคลในอุปการะ),Dependent contact address,Copy Address from Employee,Not Required,edit without approval,edit without approval,YES,Dependents,ผู้อุปการะ,MISSING,,"Section ""Dependents"" is on screen, but this field is not rendered",shots/en-emp-dependents.png
59,Hiring,Personal,Dependents (บุคคลในอุปการะ),Dependent contact address,House Number,Not Required,edit without approval,edit without approval,YES,Dependents,ผู้อุปการะ,MISSING,,"Section ""Dependents"" is on screen, but this field is not rendered",shots/en-emp-dependents.png
60,Hiring,Personal,Dependents (บุคคลในอุปการะ),Dependent contact address,Building,Not Required,edit without approval,edit without approval,YES,Dependents,ผู้อุปการะ,MISSING,,"Section ""Dependents"" is on screen, but this field is not rendered",shots/en-emp-dependents.png
61,Hiring,Personal,Dependents (บุคคลในอุปการะ),Dependent contact address,Floor,Not Required,edit without approval,edit without approval,YES,Dependents,ผู้อุปการะ,MISSING,,"Section ""Dependents"" is on screen, but this field is not rendered",shots/en-emp-dependents.png
62,Hiring,Personal,Dependents (บุคคลในอุปการะ),Dependent contact address,Village,Not Required,edit without approval,edit without approval,YES,Dependents,ผู้อุปการะ,MISSING,,"Section ""Dependents"" is on screen, but this field is not rendered",shots/en-emp-dependents.png
63,Hiring,Personal,Dependents (บุคคลในอุปการะ),Dependent contact address,Moo,Not Required,edit without approval,edit without approval,YES,Dependents,ผู้อุปการะ,MISSING,,"Section ""Dependents"" is on screen, but this field is not rendered",shots/en-emp-dependents.png
64,Hiring,Personal,Dependents (บุคคลในอุปการะ),Dependent contact address,Lane / Soi,Not Required,edit without approval,edit without approval,YES,Dependents,ผู้อุปการะ,MISSING,,"Section ""Dependents"" is on screen, but this field is not rendered",shots/en-emp-dependents.png
65,Hiring,Personal,Dependents (บุคคลในอุปการะ),Dependent contact address,Street,Not Required,edit without approval,edit without approval,YES,Dependents,ผู้อุปการะ,MISSING,,"Section ""Dependents"" is on screen, but this field is not rendered",shots/en-emp-dependents.png
66,Hiring,Personal,Dependents (บุคคลในอุปการะ),Dependent contact address,Province,Not Required,edit without approval,edit without approval,YES,Dependents,ผู้อุปการะ,MISSING,,"Section ""Dependents"" is on screen, but this field is not rendered",shots/en-emp-dependents.png
67,Hiring,Personal,Dependents (บุคคลในอุปการะ),Dependent contact address,District,Not Required,edit without approval,edit without approval,YES,Dependents,ผู้อุปการะ,MISSING,,"Section ""Dependents"" is on screen, but this field is not rendered",shots/en-emp-dependents.png
68,Hiring,Personal,Dependents (บุคคลในอุปการะ),Dependent contact address,Sub-District,Not Required,edit without approval,edit without approval,YES,Dependents,ผู้อุปการะ,MISSING,,"Section ""Dependents"" is on screen, but this field is not rendered",shots/en-emp-dependents.png
69,Hiring,Personal,Dependents (บุคคลในอุปการะ),Dependent contact address,Postal Code,Not Required,edit without approval,edit without approval,YES,Dependents,ผู้อุปการะ,MISSING,,"Section ""Dependents"" is on screen, but this field is not rendered",shots/en-emp-dependents.png
70,Hiring,Employment,Employment Details (ข้อมูลการจ้างงาน),,CG previous Employee ID,Not Required,view,,YES,Employment information,ข้อมูลการจ้างงาน,MISSING,,"Section ""Employment information"" is on screen, but this field is not rendered",shots/en-emp-employment.png
71,Hiring,Employment,Employment Details (ข้อมูลการจ้างงาน),,Hire Date,Required,view,,YES,Employment information,ข้อมูลการจ้างงาน,FOUND,Hire Date / วันที่เริ่มงาน,,shots/en-emp-employment.png
72,Hiring,Employment,Employment Details (ข้อมูลการจ้างงาน),,Retire­ment Date,Not Required,view,,YES,Employment information,ข้อมูลการจ้างงาน,MISSING,,"Section ""Employment information"" is on screen, but this field is not rendered",shots/en-emp-employment.png
73,Hiring,Employment,Employment Details (ข้อมูลการจ้างงาน),,Original Start Date,Required,view,,YES,Employment information,ข้อมูลการจ้างงาน,FOUND,Original Start Date / วันที่เริ่มงานครั้งแรก,,shots/en-emp-employment.png
74,Hiring,Employment,Employment Details (ข้อมูลการจ้างงาน),,Seniority Start Date,Required,view,,YES,Employment information,ข้อมูลการจ้างงาน,MISSING,,"Section ""Employment information"" is on screen, but this field is not rendered",shots/en-emp-employment.png
75,Hiring,Employment,Employment Details (ข้อมูลการจ้างงาน),,DVT previous ID,Not Required,view,,YES,Employment information,ข้อมูลการจ้างงาน,MISSING,,"Section ""Employment information"" is on screen, but this field is not rendered",shots/en-emp-employment.png
76,Hiring,Employment,Employment Details (ข้อมูลการจ้างงาน),,PF service Date,Not Required,view,,YES,Employment information,ข้อมูลการจ้างงาน,MISSING,,"Section ""Employment information"" is on screen, but this field is not rendered",shots/en-emp-employment.png
77,Hiring,Employment,Employment Details (ข้อมูลการจ้างงาน),,Employee age (Y/M/D),Not Required,view,,YES,Employment information,ข้อมูลการจ้างงาน,FOUND,Age / อายุ (snapshot header),,shots/en-emp-employment.png
78,Hiring,Personal,Formal Education (การศึกษา),Formal Education,Degree,Not Required,edit without approval,edit without approval,NO,,,MISSING,,No section for this BA group on the Employee File screen,shots/en-EMP-0002-full.png
79,Hiring,Personal,Formal Education (การศึกษา),Formal Education,Country,Not Required,edit without approval,edit without approval,NO,,,MISSING,,No section for this BA group on the Employee File screen,shots/en-EMP-0002-full.png
80,Hiring,Personal,Formal Education (การศึกษา),Formal Education,University,Not Required,edit without approval,edit without approval,NO,,,MISSING,,No section for this BA group on the Employee File screen,shots/en-EMP-0002-full.png
81,Hiring,Personal,Formal Education (การศึกษา),Formal Education,Others,Not Required,edit without approval,edit without approval,NO,,,MISSING,,No section for this BA group on the Employee File screen,shots/en-EMP-0002-full.png
82,Hiring,Personal,Formal Education (การศึกษา),Formal Education,Faculty,Not Required,edit without approval,edit without approval,NO,,,MISSING,,No section for this BA group on the Employee File screen,shots/en-EMP-0002-full.png
83,Hiring,Personal,Formal Education (การศึกษา),Formal Education,Major,Not Required,edit without approval,edit without approval,NO,,,MISSING,,No section for this BA group on the Employee File screen,shots/en-EMP-0002-full.png
84,Hiring,Personal,Formal Education (การศึกษา),Formal Education,Other Major,Not Required,edit without approval,edit without approval,NO,,,MISSING,,No section for this BA group on the Employee File screen,shots/en-EMP-0002-full.png
85,Hiring,Personal,Formal Education (การศึกษา),Formal Education,GPA,Not Required,edit without approval,edit without approval,NO,,,MISSING,,No section for this BA group on the Employee File screen,shots/en-EMP-0002-full.png
86,Hiring,Personal,Formal Education (การศึกษา),Formal Education,Graduated Date,Not Required,edit without approval,edit without approval,NO,,,MISSING,,No section for this BA group on the Employee File screen,shots/en-EMP-0002-full.png
87,Hiring,Personal,Formal Education (การศึกษา),Formal Education,Attachment,,,edit without approval,NO,,,MISSING,,No section for this BA group on the Employee File screen,shots/en-EMP-0002-full.png
88,Hiring,Personal,Formal Education (การศึกษา),Formal Education,Is primary,Not Required,edit without approval,edit without approval,NO,,,MISSING,,No section for this BA group on the Employee File screen,shots/en-EMP-0002-full.png
89,Hiring,Personal,Global Information (ข้อมูลทั่วไป),Global Information (ข้อมูลทั่วไป),Country/Region,Required,edit with approval flow_1,edit without approval,YES,Advanced personal,ข้อมูลส่วนบุคคลเพิ่มเติม,MISSING,,"Section ""Advanced personal"" is on screen, but this field is not rendered",shots/en-emp-advanced.png
90,Hiring,Personal,Global Information (ข้อมูลทั่วไป),Global Information (ข้อมูลทั่วไป),Attachment,Not Required,edit with approval flow_1,edit without approval,YES,Advanced personal,ข้อมูลส่วนบุคคลเพิ่มเติม,MISSING,,"Section ""Advanced personal"" is on screen, but this field is not rendered",shots/en-emp-advanced.png
91,Hiring,Personal,Global Information (ข้อมูลทั่วไป),,Number of children,Not Required,edit with approval flow_1,edit without approval,YES,Advanced personal,ข้อมูลส่วนบุคคลเพิ่มเติม,MISSING,,"Section ""Advanced personal"" is on screen, but this field is not rendered",shots/en-emp-advanced.png
92,Hiring,Personal,Global Information (ข้อมูลทั่วไป),,Religion,Not Required,edit with approval flow_1,edit without approval,YES,Advanced personal,ข้อมูลส่วนบุคคลเพิ่มเติม,MISSING,,"Section ""Advanced personal"" is on screen, but this field is not rendered",shots/en-emp-advanced.png
93,Hiring,Personal,Global Information (ข้อมูลทั่วไป),,Disability Status,Not Required,edit with approval flow_1,edit without approval,YES,Advanced personal,ข้อมูลส่วนบุคคลเพิ่มเติม,FOUND,Disability / ความพิการ,,shots/en-emp-advanced.png
94,Hiring,Personal,Global Information (ข้อมูลทั่วไป),,Disability Certificate Start Date,Not Required,edit with approval flow_1,edit without approval,YES,Advanced personal,ข้อมูลส่วนบุคคลเพิ่มเติม,MISSING,,"Section ""Advanced personal"" is on screen, but this field is not rendered",shots/en-emp-advanced.png
95,Hiring,Personal,Global Information (ข้อมูลทั่วไป),,Disability Certificate End Date,Not Required,edit with approval flow_1,edit without approval,YES,Advanced personal,ข้อมูลส่วนบุคคลเพิ่มเติม,MISSING,,"Section ""Advanced personal"" is on screen, but this field is not rendered",shots/en-emp-advanced.png
96,Hiring,Personal,Global Information (ข้อมูลทั่วไป),,Type of Disability,Not Required,edit with approval flow_1,edit without approval,YES,Advanced personal,ข้อมูลส่วนบุคคลเพิ่มเติม,PARTIAL,(no dedicated label),folded into the single Disability yes/no value,shots/en-emp-advanced.png
97,Hiring,Personal,Global Information (ข้อมูลทั่วไป),,Certificate ID,Not Required,edit with approval flow_1,edit without approval,YES,Advanced personal,ข้อมูลส่วนบุคคลเพิ่มเติม,MISSING,,"Section ""Advanced personal"" is on screen, but this field is not rendered",shots/en-emp-advanced.png
98,Hiring,Personal,Global Information (ข้อมูลทั่วไป),,Spouse's Father ID Number,Not Required,edit with approval flow_1,edit without approval,YES,Advanced personal,ข้อมูลส่วนบุคคลเพิ่มเติม,MISSING,,"Section ""Advanced personal"" is on screen, but this field is not rendered",shots/en-emp-advanced.png
99,Hiring,Personal,Global Information (ข้อมูลทั่วไป),,Spouse's Mother ID Number,Not Required,edit with approval flow_1,edit without approval,YES,Advanced personal,ข้อมูลส่วนบุคคลเพิ่มเติม,MISSING,,"Section ""Advanced personal"" is on screen, but this field is not rendered",shots/en-emp-advanced.png
100,Hiring,Personal,Global Information (ข้อมูลทั่วไป),,Additional Information,Not Required,edit with approval flow_1,edit without approval,YES,Advanced personal,ข้อมูลส่วนบุคคลเพิ่มเติม,MISSING,,"Section ""Advanced personal"" is on screen, but this field is not rendered",shots/en-emp-advanced.png
101,Hiring,Personal,Global Information (ข้อมูลทั่วไป),,Number of Children,Not Required,edit with approval flow_1,edit without approval,YES,Advanced personal,ข้อมูลส่วนบุคคลเพิ่มเติม,MISSING,,"Section ""Advanced personal"" is on screen, but this field is not rendered",shots/en-emp-advanced.png
102,Hiring,Personal,Identity (ข้อมูลระบุตัวตน),Identity,Hire Date,Required,view,,YES,Employee snapshot header,ส่วนหัวข้อมูลพนักงาน,FOUND,Hire Date / วันที่เริ่มงาน (Employment information card),,shots/en-emp-header.png
103,Hiring,Personal,Identity (ข้อมูลระบุตัวตน),Identity,Company,Required,view,,YES,Employee snapshot header,ส่วนหัวข้อมูลพนักงาน,FOUND,Company / บริษัท (Employment information card),,shots/en-emp-header.png
104,Hiring,Personal,Identity (ข้อมูลระบุตัวตน),Identity,Event reason,Required,N/A,,YES,Employee snapshot header,ส่วนหัวข้อมูลพนักงาน,MISSING,,"Section ""Employee snapshot header"" is on screen, but this field is not rendered",shots/en-emp-header.png
105,Hiring,Personal,Identity (ข้อมูลระบุตัวตน),Identity,Date of Birth,Required,view,edit without approval,YES,Employee snapshot header,ส่วนหัวข้อมูลพนักงาน,MISSING,,"Section ""Employee snapshot header"" is on screen, but this field is not rendered",shots/en-emp-header.png
106,Hiring,Personal,Identity (ข้อมูลระบุตัวตน),Identity,Country of Birth,Not Required,view,edit without approval,YES,Employee snapshot header,ส่วนหัวข้อมูลพนักงาน,MISSING,,"Section ""Employee snapshot header"" is on screen, but this field is not rendered",shots/en-emp-header.png
107,Hiring,Personal,Identity (ข้อมูลระบุตัวตน),Identity,Region of Birth,Not Required,view,edit without approval,YES,Employee snapshot header,ส่วนหัวข้อมูลพนักงาน,MISSING,,"Section ""Employee snapshot header"" is on screen, but this field is not rendered",shots/en-emp-header.png
108,Hiring,Personal,Identity (ข้อมูลระบุตัวตน),Identity,Age,Required,view,view,YES,Employee snapshot header,ส่วนหัวข้อมูลพนักงาน,FOUND,Age / อายุ (snapshot header),,shots/en-emp-header.png
109,Hiring,Personal,Identity (ข้อมูลระบุตัวตน),Identity,Employee ID,Required,view,edit without approval,YES,Employee snapshot header,ส่วนหัวข้อมูลพนักงาน,FOUND,Employee ID (snapshot header),,shots/en-emp-header.png
110,Hiring,Personal,Identity (ข้อมูลระบุตัวตน),Identity,Replaced Employee ID,Required,view,,YES,Employee snapshot header,ส่วนหัวข้อมูลพนักงาน,MISSING,,"Section ""Employee snapshot header"" is on screen, but this field is not rendered",shots/en-emp-header.png
111,Hiring,Personal,Identity (ข้อมูลระบุตัวตน),Identity,Salutation (EN),Required,edit with approval flow_1,edit without approval,YES,Employee snapshot header,ส่วนหัวข้อมูลพนักงาน,MISSING,,"Section ""Employee snapshot header"" is on screen, but this field is not rendered",shots/en-emp-header.png
112,Hiring,Personal,Identity (ข้อมูลระบุตัวตน),Identity,Firstname (EN),Required,edit with approval flow_1,edit without approval,YES,Employee snapshot header,ส่วนหัวข้อมูลพนักงาน,FOUND,EN name line (snapshot header),,shots/en-emp-header.png
113,Hiring,Personal,Identity (ข้อมูลระบุตัวตน),Identity,Middle Name (EN),Not Required,edit with approval flow_1,edit without approval,YES,Employee snapshot header,ส่วนหัวข้อมูลพนักงาน,MISSING,,"Section ""Employee snapshot header"" is on screen, but this field is not rendered",shots/en-emp-header.png
114,Hiring,Personal,Identity (ข้อมูลระบุตัวตน),Identity,Lastname (EN),Required,edit with approval flow_1,edit without approval,YES,Employee snapshot header,ส่วนหัวข้อมูลพนักงาน,FOUND,EN name line (snapshot header),,shots/en-emp-header.png
115,Hiring,Personal,Identity (ข้อมูลระบุตัวตน),National ID / Tax ID,National ID/Tax-ID,Required,view,edit without approval,YES,Employee snapshot header,ส่วนหัวข้อมูลพนักงาน,FOUND,National ID / เลขบัตรประชาชน — masked (Advanced personal card),,shots/en-emp-header.png
116,Hiring,Personal,Identity (ข้อมูลระบุตัวตน),National ID / Tax ID,Issue Date,Not Required,view,edit without approval,YES,Employee snapshot header,ส่วนหัวข้อมูลพนักงาน,MISSING,,"Section ""Employee snapshot header"" is on screen, but this field is not rendered",shots/en-emp-header.png
117,Hiring,Personal,Identity (ข้อมูลระบุตัวตน),National ID / Tax ID,Expiry Date,Not Required,view,edit without approval,YES,Employee snapshot header,ส่วนหัวข้อมูลพนักงาน,MISSING,,"Section ""Employee snapshot header"" is on screen, but this field is not rendered",shots/en-emp-header.png
118,Hiring,Personal,Identity (ข้อมูลระบุตัวตน),National ID / Tax ID,Attachment,Not Required,view,edit without approval,YES,Employee snapshot header,ส่วนหัวข้อมูลพนักงาน,MISSING,,"Section ""Employee snapshot header"" is on screen, but this field is not rendered",shots/en-emp-header.png
119,Hiring,Personal,Identity (ข้อมูลระบุตัวตน),National ID / Tax ID,Country,Required,view,edit without approval,YES,Employee snapshot header,ส่วนหัวข้อมูลพนักงาน,MISSING,,"Section ""Employee snapshot header"" is on screen, but this field is not rendered",shots/en-emp-header.png
120,Hiring,Personal,Identity (ข้อมูลระบุตัวตน),National ID / Tax ID,Issue Date,Not Required,view,edit without approval,YES,Employee snapshot header,ส่วนหัวข้อมูลพนักงาน,MISSING,,"Section ""Employee snapshot header"" is on screen, but this field is not rendered",shots/en-emp-header.png
121,Hiring,Personal,Identity (ข้อมูลระบุตัวตน),National ID / Tax ID,Expiry Date,Not Required,view,edit without approval,YES,Employee snapshot header,ส่วนหัวข้อมูลพนักงาน,MISSING,,"Section ""Employee snapshot header"" is on screen, but this field is not rendered",shots/en-emp-header.png
122,Hiring,Personal,Identity (ข้อมูลระบุตัวตน),National ID / Tax ID,Is Primary,Required,view,edit without approval,YES,Employee snapshot header,ส่วนหัวข้อมูลพนักงาน,MISSING,,"Section ""Employee snapshot header"" is on screen, but this field is not rendered",shots/en-emp-header.png
123,Hiring,Employment,Job Information (ข้อมูลงาน),Job Information,Probation Exemption,Not Required,view,,YES,Employment information,ข้อมูลการจ้างงาน,MISSING,,"Section ""Employment information"" is on screen, but this field is not rendered",shots/en-emp-employment.png
124,Hiring,Employment,Job Information (ข้อมูลงาน),Job Information,Band,refer to employee group,view,,YES,Employment information,ข้อมูลการจ้างงาน,MISSING,,"Section ""Employment information"" is on screen, but this field is not rendered",shots/en-emp-employment.png
125,Hiring,Employment,Job Information (ข้อมูลงาน),Job Information,Corporate Title,refer to employee group,view,,YES,Employment information,ข้อมูลการจ้างงาน,MISSING,,"Section ""Employment information"" is on screen, but this field is not rendered",shots/en-emp-employment.png
126,Hiring,Employment,Job Information (ข้อมูลงาน),Job Information,Supervisor ID,refer to employee group,view,,YES,Employment information,ข้อมูลการจ้างงาน,MISSING,,"Section ""Employment information"" is on screen, but this field is not rendered",shots/en-emp-employment.png
127,Hiring,Employment,Job Information (ข้อมูลงาน),Job Information,Special Benefit Group,refer to employee group,view,,YES,Employment information,ข้อมูลการจ้างงาน,FOUND,Special benefit group / กลุ่มสิทธิพิเศษ,,shots/en-emp-employment.png
128,Hiring,Employment,Job Information (ข้อมูลงาน),Job Information,Employee Group,refer to employee group,view,,YES,Employment information,ข้อมูลการจ้างงาน,MISSING,,"Section ""Employment information"" is on screen, but this field is not rendered",shots/en-emp-employment.png
129,Hiring,Employment,Job Information (ข้อมูลงาน),Job Information,Employee Subgroup,refer to employee group,view,,YES,Employment information,ข้อมูลการจ้างงาน,MISSING,,"Section ""Employment information"" is on screen, but this field is not rendered",shots/en-emp-employment.png
130,Hiring,Employment,Job Information (ข้อมูลงาน),Job Information,Personnel Grade,refer to employee group,view,,YES,Employment information,ข้อมูลการจ้างงาน,FOUND,Pay Grade / ประเภท,,shots/en-emp-employment.png
131,Hiring,Employment,Job Information (ข้อมูลงาน),Job Information,Contract Type,refer to employee group,view,,YES,Employment information,ข้อมูลการจ้างงาน,MISSING,,"Section ""Employment information"" is on screen, but this field is not rendered",shots/en-emp-employment.png
132,Hiring,Employment,Job Information (ข้อมูลงาน),Job Information,Contract End Date,refer to employee group,view,,YES,Employment information,ข้อมูลการจ้างงาน,MISSING,,"Section ""Employment information"" is on screen, but this field is not rendered",shots/en-emp-employment.png
133,Hiring,Employment,Job Information (ข้อมูลงาน),DVT,DVT: Project name,refer to employee group,view,,YES,Employment information,ข้อมูลการจ้างงาน,MISSING,,"Section ""Employment information"" is on screen, but this field is not rendered",shots/en-emp-employment.png
134,Hiring,Employment,Job Information (ข้อมูลงาน),DVT,DVT: Partner University,refer to employee group,view,,YES,Employment information,ข้อมูลการจ้างงาน,MISSING,,"Section ""Employment information"" is on screen, but this field is not rendered",shots/en-emp-employment.png
135,Maintain,Personal,Advanced Information,,Group of people,Not Required,view,edit without approval,YES,Advanced personal,ข้อมูลส่วนบุคคลเพิ่มเติม,MISSING,,"Section ""Advanced personal"" is on screen, but this field is not rendered",shots/en-emp-advanced.png
136,Maintain,Personal,Advanced Information,,Description,Not Required,view,edit without approval,YES,Advanced personal,ข้อมูลส่วนบุคคลเพิ่มเติม,MISSING,,"Section ""Advanced personal"" is on screen, but this field is not rendered",shots/en-emp-advanced.png
137,Maintain,Personal,Advanced Information,,Additional Information - Name,Not Required,view,edit without approval,YES,Advanced personal,ข้อมูลส่วนบุคคลเพิ่มเติม,MISSING,,"Section ""Advanced personal"" is on screen, but this field is not rendered",shots/en-emp-advanced.png
138,Maintain,Personal,Advanced Information,,Additional Information - URL,Not Required,view,edit without approval,YES,Advanced personal,ข้อมูลส่วนบุคคลเพิ่มเติม,MISSING,,"Section ""Advanced personal"" is on screen, but this field is not rendered",shots/en-emp-advanced.png
139,Maintain,Personal,COI Approval,,Approval ID (YYYY-COI-000),Required,view,edit without approval,NO,,,MISSING,,No section for this BA group on the Employee File screen,shots/en-EMP-0002-full.png
140,Maintain,Personal,COI Approval,,Company Name,Required,view,edit without approval,NO,,,MISSING,,No section for this BA group on the Employee File screen,shots/en-EMP-0002-full.png
141,Maintain,Personal,COI Approval,,Business Type,Required,view,edit without approval,NO,,,MISSING,,No section for this BA group on the Employee File screen,shots/en-EMP-0002-full.png
142,Maintain,Personal,COI Approval,,Business Nature,Required,view,edit without approval,NO,,,MISSING,,No section for this BA group on the Employee File screen,shots/en-EMP-0002-full.png
143,Maintain,Personal,COI Approval,,Position Name,Required,view,edit without approval,NO,,,MISSING,,No section for this BA group on the Employee File screen,shots/en-EMP-0002-full.png
144,Maintain,Personal,COI Approval,,Term,Required,view,edit without approval,NO,,,MISSING,,No section for this BA group on the Employee File screen,shots/en-EMP-0002-full.png
145,Maintain,Personal,COI Approval,,Start Date,Required,view,edit without approval,NO,,,MISSING,,No section for this BA group on the Employee File screen,shots/en-EMP-0002-full.png
146,Maintain,Personal,COI Approval,,Compensation Rate,Required,view,edit without approval,NO,,,MISSING,,No section for this BA group on the Employee File screen,shots/en-EMP-0002-full.png
147,Maintain,Personal,COI Approval,,End Date,Required,view,edit without approval,NO,,,MISSING,,No section for this BA group on the Employee File screen,shots/en-EMP-0002-full.png
148,Maintain,Personal,COI Approval,,Approved Date,Required,view,edit without approval,NO,,,MISSING,,No section for this BA group on the Employee File screen,shots/en-EMP-0002-full.png
149,Maintain,Personal,COI Approval,,Attachment,Not Required,view,edit without approval,NO,,,MISSING,,No section for this BA group on the Employee File screen,shots/en-EMP-0002-full.png
150,Maintain,Personal,COI Approval,,Attachment2,Not Required,view,edit without approval,NO,,,MISSING,,No section for this BA group on the Employee File screen,shots/en-EMP-0002-full.png
151,Maintain,Personal,COI Approval,,End Date,Not Required,view,edit without approval,NO,,,MISSING,,No section for this BA group on the Employee File screen,shots/en-EMP-0002-full.png
152,Hiring,Employment,Job Information (ข้อมูลงาน),DVT,DVT: Type,refer to employee group,view,,YES,Employment information,ข้อมูลการจ้างงาน,MISSING,,"Section ""Employment information"" is on screen, but this field is not rendered",shots/en-emp-employment.png
153,Hiring,Employment,Job Information (ข้อมูลงาน),DVT,DVT: Degree Level,refer to employee group,view,,YES,Employment information,ข้อมูลการจ้างงาน,MISSING,,"Section ""Employment information"" is on screen, but this field is not rendered",shots/en-emp-employment.png
154,Hiring,Employment,Job Information (ข้อมูลงาน),DVT,DVT: Course,refer to employee group,view,,YES,Employment information,ข้อมูลการจ้างงาน,MISSING,,"Section ""Employment information"" is on screen, but this field is not rendered",shots/en-emp-employment.png
155,Hiring,Employment,Job Information (ข้อมูลงาน),DVT,DVT: Course of Time,refer to employee group,view,,YES,Employment information,ข้อมูลการจ้างงาน,MISSING,,"Section ""Employment information"" is on screen, but this field is not rendered",shots/en-emp-employment.png
156,Hiring,Employment,Job Information (ข้อมูลงาน),DVT,DVT: Academic Year,refer to employee group,view,,YES,Employment information,ข้อมูลการจ้างงาน,MISSING,,"Section ""Employment information"" is on screen, but this field is not rendered",shots/en-emp-employment.png
157,Hiring,Employment,Job Information (ข้อมูลงาน),DVT,DVT: Graduation Date,refer to employee group,view,,YES,Employment information,ข้อมูลการจ้างงาน,MISSING,,"Section ""Employment information"" is on screen, but this field is not rendered",shots/en-emp-employment.png
158,Hiring,Employment,Job Information (ข้อมูลงาน),DVT,DVT: Bonding End date,refer to employee group,view,,YES,Employment information,ข้อมูลการจ้างงาน,MISSING,,"Section ""Employment information"" is on screen, but this field is not rendered",shots/en-emp-employment.png
159,Hiring,Employment,Job Information (ข้อมูลงาน),DVT,Scholarship,refer to employee group,view,,YES,Employment information,ข้อมูลการจ้างงาน,MISSING,,"Section ""Employment information"" is on screen, but this field is not rendered",shots/en-emp-employment.png
160,Hiring,Employment,Job Information (ข้อมูลงาน),Job Information,Probationary Period End Date,refer to employee group,view,,YES,Employment information,ข้อมูลการจ้างงาน,MISSING,,"Section ""Employment information"" is on screen, but this field is not rendered",shots/en-emp-employment.png
161,Hiring,Employment,Job Information (ข้อมูลงาน),Job Information,Extended Retirement Date,refer to employee group,view,,YES,Employment information,ข้อมูลการจ้างงาน,MISSING,,"Section ""Employment information"" is on screen, but this field is not rendered",shots/en-emp-employment.png
162,Hiring,Employment,Job Information (ข้อมูลงาน),Job Information,Extended Probation Date,refer to employee group,view,,YES,Employment information,ข้อมูลการจ้างงาน,MISSING,,"Section ""Employment information"" is on screen, but this field is not rendered",shots/en-emp-employment.png
163,Hiring,Employment,Job Information (ข้อมูลงาน),Job Information,Band Matching,refer to employee group,view,,YES,Employment information,ข้อมูลการจ้างงาน,MISSING,,"Section ""Employment information"" is on screen, but this field is not rendered",shots/en-emp-employment.png
164,Hiring,Employment,Job Information (ข้อมูลงาน),Job Information,Transfer from,refer to employee group,view,,YES,Employment information,ข้อมูลการจ้างงาน,MISSING,,"Section ""Employment information"" is on screen, but this field is not rendered",shots/en-emp-employment.png
165,Hiring,Employment,Job Information (ข้อมูลงาน),Job Information,Country,refer to employee group,view,,YES,Employment information,ข้อมูลการจ้างงาน,MISSING,,"Section ""Employment information"" is on screen, but this field is not rendered",shots/en-emp-employment.png
166,Hiring,Employment,Job Information (ข้อมูลงาน),Job Information,Job Code,refer to employee group,view,,YES,Employment information,ข้อมูลการจ้างงาน,MISSING,,"Section ""Employment information"" is on screen, but this field is not rendered",shots/en-emp-employment.png
167,Hiring,Employment,Job Information (ข้อมูลงาน),Job Information,Job Role,refer to employee group,view,,YES,Employment information,ข้อมูลการจ้างงาน,MISSING,,"Section ""Employment information"" is on screen, but this field is not rendered",shots/en-emp-employment.png
168,Hiring,Employment,Job Information (ข้อมูลงาน),Job Information,Job Family,refer to employee group,view,,YES,Employment information,ข้อมูลการจ้างงาน,MISSING,,"Section ""Employment information"" is on screen, but this field is not rendered",shots/en-emp-employment.png
169,Hiring,Employment,Job Information (ข้อมูลงาน),Job Information,Job Type,refer to employee group,view,,YES,Employment information,ข้อมูลการจ้างงาน,MISSING,,"Section ""Employment information"" is on screen, but this field is not rendered",shots/en-emp-employment.png
170,Hiring,Employment,Job Information (ข้อมูลงาน),Job Information,Job Grade,refer to employee group,view,,YES,Employment information,ข้อมูลการจ้างงาน,MISSING,,"Section ""Employment information"" is on screen, but this field is not rendered",shots/en-emp-employment.png
171,Hiring,Employment,Job Information (ข้อมูลงาน),Job Information,Function,Required,view,,YES,Employment information,ข้อมูลการจ้างงาน,MISSING,,"Section ""Employment information"" is on screen, but this field is not rendered",shots/en-emp-employment.png
172,Hiring,Employment,Job Information (ข้อมูลงาน),,Attachment,refer to employee group,view,,YES,Employment information,ข้อมูลการจ้างงาน,MISSING,,"Section ""Employment information"" is on screen, but this field is not rendered",shots/en-emp-employment.png
173,Hiring,Employment,Job Information (ข้อมูลงาน),Job Information,Transfer out to,refer to employee group,view,,YES,Employment information,ข้อมูลการจ้างงาน,MISSING,,"Section ""Employment information"" is on screen, but this field is not rendered",shots/en-emp-employment.png
174,Hiring,Employment,Job Information (ข้อมูลงาน),Job Information,Transfer in to,refer to employee group,view,,YES,Employment information,ข้อมูลการจ้างงาน,MISSING,,"Section ""Employment information"" is on screen, but this field is not rendered",shots/en-emp-employment.png
175,Hiring,Employment,Job Information (ข้อมูลงาน),Job Relationships,Relationship Type,Not Required,view,,YES,Employment information,ข้อมูลการจ้างงาน,MISSING,,"Section ""Employment information"" is on screen, but this field is not rendered",shots/en-emp-employment.png
176,Hiring,Employment,Job Information (ข้อมูลงาน),Job Relationships,Name,Not Required,view,,YES,Employment information,ข้อมูลการจ้างงาน,MISSING,,"Section ""Employment information"" is on screen, but this field is not rendered",shots/en-emp-employment.png
177,Hiring,Personal,Personal Information (ข้อมูลส่วนตัว),,Nickname (EN/TH),Not Required,edit without approval,edit without approval,YES,Marital status,สถานภาพสมรส,MISSING,,"Section ""Marital status"" is on screen, but this field is not rendered",shots/en-emp-marital.png
178,Hiring,Personal,Personal Information (ข้อมูลส่วนตัว),,Gender,Required,view,edit without approval,YES,Marital status,สถานภาพสมรส,MISSING,,"Section ""Marital status"" is on screen, but this field is not rendered",shots/en-emp-marital.png
179,Hiring,Personal,Personal Information (ข้อมูลส่วนตัว),,Military Status,Not Required,,edit without approval,YES,Marital status,สถานภาพสมรส,FOUND,Military status / สถานะทางทหาร (Advanced personal card),,shots/en-emp-marital.png
180,Hiring,Personal,Personal Information (ข้อมูลส่วนตัว),,Salutation (Local),Required,edit with approval flow_1,edit without approval,YES,Marital status,สถานภาพสมรส,MISSING,,"Section ""Marital status"" is on screen, but this field is not rendered",shots/en-emp-marital.png
181,Hiring,Personal,Personal Information (ข้อมูลส่วนตัว),,Other Title (TH),Not Required,edit with approval flow_1,edit without approval,YES,Marital status,สถานภาพสมรส,MISSING,,"Section ""Marital status"" is on screen, but this field is not rendered",shots/en-emp-marital.png
182,Hiring,Personal,Personal Information (ข้อมูลส่วนตัว),,Firstname (Local),Required,edit with approval flow_1,edit without approval,YES,Marital status,สถานภาพสมรส,FOUND,TH name line (snapshot header),,shots/en-emp-marital.png
183,Hiring,Personal,Personal Information (ข้อมูลส่วนตัว),,Lastname (Local),Required,edit with approval flow_1,edit without approval,YES,Marital status,สถานภาพสมรส,FOUND,TH name line (snapshot header),,shots/en-emp-marital.png
184,Hiring,Personal,Personal Information (ข้อมูลส่วนตัว),,Middle Name (Local),Not Required,edit with approval flow_1,edit without approval,YES,Marital status,สถานภาพสมรส,MISSING,,"Section ""Marital status"" is on screen, but this field is not rendered",shots/en-emp-marital.png
185,Hiring,Personal,Personal Information (ข้อมูลส่วนตัว),,Nationality,Required,edit with approval flow_1,edit without approval,YES,Marital status,สถานภาพสมรส,MISSING,,"Section ""Marital status"" is on screen, but this field is not rendered",shots/en-emp-marital.png
186,Hiring,Personal,Personal Information (ข้อมูลส่วนตัว),,Foreigner,Not Required,edit with approval flow_1,edit without approval,YES,Marital status,สถานภาพสมรส,MISSING,,"Section ""Marital status"" is on screen, but this field is not rendered",shots/en-emp-marital.png
187,Hiring,Personal,Personal Information (ข้อมูลส่วนตัว),,Blood Type,Not Required,edit with approval flow_1,edit without approval,YES,Marital status,สถานภาพสมรส,FOUND,Blood type / กรุ๊ปเลือด (Advanced personal card),,shots/en-emp-marital.png
188,Hiring,Personal,Personal Information (ข้อมูลส่วนตัว),,Marital Status,Not Required,edit with approval flow_1,edit without approval,YES,Marital status,สถานภาพสมรส,FOUND,Status / สถานภาพ,,shots/en-emp-marital.png
189,Hiring,Personal,Personal Information (ข้อมูลส่วนตัว),,Marital Status Since,Not Required,edit with approval flow_1,edit without approval,YES,Marital status,สถานภาพสมรส,FOUND,Since / มีผลตั้งแต่,,shots/en-emp-marital.png
190,Hiring,Personal,Personal Information (ข้อมูลส่วนตัว),Personal Information,Attachment,Required,edit with approval flow_1,edit without approval,YES,Marital status,สถานภาพสมรส,MISSING,,"Section ""Marital status"" is on screen, but this field is not rendered",shots/en-emp-marital.png
191,Hiring,Employment,Position & Organization (ตำแหน่งและสังกัด),Organization Information,Organization,Required,view,,YES,Employment information,ข้อมูลการจ้างงาน,FOUND,Organization / หน่วยงาน,,shots/en-emp-employment.png
192,Hiring,Employment,Position & Organization (ตำแหน่งและสังกัด),Target Position,Position,Required,view,,YES,Employment information,ข้อมูลการจ้างงาน,FOUND,Position / ตำแหน่ง,,shots/en-emp-employment.png
193,Hiring,Employment,Position & Organization (ตำแหน่งและสังกัด),Target Position,Company,Required,view,,YES,Employment information,ข้อมูลการจ้างงาน,FOUND,Company / บริษัท,,shots/en-emp-employment.png
194,Hiring,Employment,Position & Organization (ตำแหน่งและสังกัด),Organization Information,Cost Centre,Required,view,,YES,Employment information,ข้อมูลการจ้างงาน,MISSING,,"Section ""Employment information"" is on screen, but this field is not rendered",shots/en-emp-employment.png
195,Hiring,Employment,Position & Organization (ตำแหน่งและสังกัด),Organization Information,Function,,,,YES,Employment information,ข้อมูลการจ้างงาน,MISSING,,"Section ""Employment information"" is on screen, but this field is not rendered",shots/en-emp-employment.png
196,Hiring,Employment,Position & Organization (ตำแหน่งและสังกัด),Organization Information,Point of Sales,Not required,view,,YES,Employment information,ข้อมูลการจ้างงาน,MISSING,,"Section ""Employment information"" is on screen, but this field is not rendered",shots/en-emp-employment.png
197,Hiring,Employment,Position & Organization (ตำแหน่งและสังกัด),Organization Information,Zone,Required,view,,YES,Employment information,ข้อมูลการจ้างงาน,MISSING,,"Section ""Employment information"" is on screen, but this field is not rendered",shots/en-emp-employment.png
198,Hiring,Employment,Position & Organization (ตำแหน่งและสังกัด),Organization Information,HR District,Required,view,,YES,Employment information,ข้อมูลการจ้างงาน,MISSING,,"Section ""Employment information"" is on screen, but this field is not rendered",shots/en-emp-employment.png
199,Hiring,Employment,Position & Organization (ตำแหน่งและสังกัด),Organization Information,Work Location,Required,view,,YES,Employment information,ข้อมูลการจ้างงาน,MISSING,,"Section ""Employment information"" is on screen, but this field is not rendered",shots/en-emp-employment.png
200,Hiring,Employment,Position & Organization (ตำแหน่งและสังกัด),Organization Information,Business unit,Required,view,,YES,Employment information,ข้อมูลการจ้างงาน,PARTIAL,(no dedicated label),"implied by ""อายุงานใน BU"" only — no BU field rendered",shots/en-emp-employment.png
201,Hiring,Employment,Position & Organization (ตำแหน่งและสังกัด),Organization Information,Group,Required,view,,YES,Employment information,ข้อมูลการจ้างงาน,MISSING,,"Section ""Employment information"" is on screen, but this field is not rendered",shots/en-emp-employment.png
202,Hiring,Employment,Position & Organization (ตำแหน่งและสังกัด),Organization Information,Store Brand/ Format,Not Required,view,,YES,Employment information,ข้อมูลการจ้างงาน,MISSING,,"Section ""Employment information"" is on screen, but this field is not rendered",shots/en-emp-employment.png
203,Hiring,Employment,Position & Organization (ตำแหน่งและสังกัด),Organization Information,store size,Not Required,,,YES,Employment information,ข้อมูลการจ้างงาน,MISSING,,"Section ""Employment information"" is on screen, but this field is not rendered",shots/en-emp-employment.png
204,Hiring,Employment,Position & Organization (ตำแหน่งและสังกัด),Organization Information,Store/ Branch Code,Required,view,,YES,Employment information,ข้อมูลการจ้างงาน,MISSING,,"Section ""Employment information"" is on screen, but this field is not rendered",shots/en-emp-employment.png
205,Hiring,Employment,Position & Organization (ตำแหน่งและสังกัด),Organization Information,Brand,Not Required,view,,YES,Employment information,ข้อมูลการจ้างงาน,MISSING,,"Section ""Employment information"" is on screen, but this field is not rendered",shots/en-emp-employment.png
206,Hiring,Employment,Position & Organization (ตำแหน่งและสังกัด),Organization Information,SSO Location,Required,view,,YES,Employment information,ข้อมูลการจ้างงาน,MISSING,,"Section ""Employment information"" is on screen, but this field is not rendered",shots/en-emp-employment.png
207,Hiring,Employment,Position & Organization (ตำแหน่งและสังกัด),Organization Information,Time Zone,Required,view,,YES,Employment information,ข้อมูลการจ้างงาน,MISSING,,"Section ""Employment information"" is on screen, but this field is not rendered",shots/en-emp-employment.png
208,Hiring,Personal,Primary Emergency Contact (ผู้ติดต่อฉุกเฉิน),Primary Emergency Contact (ผู้ติดต่อฉุกเฉิน),Name,Not Required,edit without approval,edit without approval,YES,Emergency contacts,ผู้ติดต่อฉุกเฉิน,PARTIAL,(no dedicated label),card summary line,shots/en-emp-emergency.png
209,Hiring,Personal,Primary Emergency Contact (ผู้ติดต่อฉุกเฉิน),Primary Emergency Contact (ผู้ติดต่อฉุกเฉิน),Relationship,Not Required,edit without approval,edit without approval,YES,Emergency contacts,ผู้ติดต่อฉุกเฉิน,PARTIAL,(no dedicated label),card summary line,shots/en-emp-emergency.png
210,Hiring,Personal,Primary Emergency Contact (ผู้ติดต่อฉุกเฉิน),Primary Emergency Contact (ผู้ติดต่อฉุกเฉิน),Primary,Not Required,edit without approval,edit without approval,YES,Emergency contacts,ผู้ติดต่อฉุกเฉิน,PARTIAL,(no dedicated label),"""Primary"" badge on the summary line",shots/en-emp-emergency.png
211,Hiring,Personal,Primary Emergency Contact (ผู้ติดต่อฉุกเฉิน),Primary Emergency Contact (ผู้ติดต่อฉุกเฉิน),Phone,Not Required,edit without approval,edit without approval,YES,Emergency contacts,ผู้ติดต่อฉุกเฉิน,PARTIAL,(no dedicated label),card summary line,shots/en-emp-emergency.png
212,Hiring,Personal,Primary Emergency Contact (ผู้ติดต่อฉุกเฉิน),Primary Emergency Contact (ผู้ติดต่อฉุกเฉิน),copy Address from Employee,Not Required,edit without approval,edit without approval,YES,Emergency contacts,ผู้ติดต่อฉุกเฉิน,MISSING,,"Section ""Emergency contacts"" is on screen, but this field is not rendered",shots/en-emp-emergency.png
213,Hiring,Personal,Primary Emergency Contact (ผู้ติดต่อฉุกเฉิน),Primary Emergency Contact (ผู้ติดต่อฉุกเฉิน),Country,,,edit without approval,YES,Emergency contacts,ผู้ติดต่อฉุกเฉิน,MISSING,,"Section ""Emergency contacts"" is on screen, but this field is not rendered",shots/en-emp-emergency.png
214,Hiring,Personal,Primary Emergency Contact (ผู้ติดต่อฉุกเฉิน),Primary Emergency Contact (ผู้ติดต่อฉุกเฉิน),House Number,,,edit without approval,YES,Emergency contacts,ผู้ติดต่อฉุกเฉิน,MISSING,,"Section ""Emergency contacts"" is on screen, but this field is not rendered",shots/en-emp-emergency.png
215,Hiring,Personal,Primary Emergency Contact (ผู้ติดต่อฉุกเฉิน),Primary Emergency Contact (ผู้ติดต่อฉุกเฉิน),Building,,,edit without approval,YES,Emergency contacts,ผู้ติดต่อฉุกเฉิน,MISSING,,"Section ""Emergency contacts"" is on screen, but this field is not rendered",shots/en-emp-emergency.png
216,Hiring,Personal,Primary Emergency Contact (ผู้ติดต่อฉุกเฉิน),Primary Emergency Contact (ผู้ติดต่อฉุกเฉิน),Floor,,,edit without approval,YES,Emergency contacts,ผู้ติดต่อฉุกเฉิน,MISSING,,"Section ""Emergency contacts"" is on screen, but this field is not rendered",shots/en-emp-emergency.png
217,Hiring,Personal,Primary Emergency Contact (ผู้ติดต่อฉุกเฉิน),Primary Emergency Contact (ผู้ติดต่อฉุกเฉิน),Village,,,edit without approval,YES,Emergency contacts,ผู้ติดต่อฉุกเฉิน,MISSING,,"Section ""Emergency contacts"" is on screen, but this field is not rendered",shots/en-emp-emergency.png
218,Hiring,Personal,Primary Emergency Contact (ผู้ติดต่อฉุกเฉิน),Primary Emergency Contact (ผู้ติดต่อฉุกเฉิน),Moo,,,edit without approval,YES,Emergency contacts,ผู้ติดต่อฉุกเฉิน,MISSING,,"Section ""Emergency contacts"" is on screen, but this field is not rendered",shots/en-emp-emergency.png
219,Hiring,Personal,Primary Emergency Contact (ผู้ติดต่อฉุกเฉิน),Primary Emergency Contact (ผู้ติดต่อฉุกเฉิน),Lane / Soi,,,edit without approval,YES,Emergency contacts,ผู้ติดต่อฉุกเฉิน,MISSING,,"Section ""Emergency contacts"" is on screen, but this field is not rendered",shots/en-emp-emergency.png
220,Hiring,Personal,Primary Emergency Contact (ผู้ติดต่อฉุกเฉิน),Primary Emergency Contact (ผู้ติดต่อฉุกเฉิน),Street,,,edit without approval,YES,Emergency contacts,ผู้ติดต่อฉุกเฉิน,MISSING,,"Section ""Emergency contacts"" is on screen, but this field is not rendered",shots/en-emp-emergency.png
221,Hiring,Personal,Primary Emergency Contact (ผู้ติดต่อฉุกเฉิน),Primary Emergency Contact (ผู้ติดต่อฉุกเฉิน),Province,,,edit without approval,YES,Emergency contacts,ผู้ติดต่อฉุกเฉิน,MISSING,,"Section ""Emergency contacts"" is on screen, but this field is not rendered",shots/en-emp-emergency.png
222,Hiring,Personal,Primary Emergency Contact (ผู้ติดต่อฉุกเฉิน),Primary Emergency Contact (ผู้ติดต่อฉุกเฉิน),District,,,edit without approval,YES,Emergency contacts,ผู้ติดต่อฉุกเฉิน,MISSING,,"Section ""Emergency contacts"" is on screen, but this field is not rendered",shots/en-emp-emergency.png
223,Hiring,Personal,Primary Emergency Contact (ผู้ติดต่อฉุกเฉิน),Primary Emergency Contact (ผู้ติดต่อฉุกเฉิน),Sub-District,,,edit without approval,YES,Emergency contacts,ผู้ติดต่อฉุกเฉิน,MISSING,,"Section ""Emergency contacts"" is on screen, but this field is not rendered",shots/en-emp-emergency.png
224,Hiring,Personal,Primary Emergency Contact (ผู้ติดต่อฉุกเฉิน),Primary Emergency Contact (ผู้ติดต่อฉุกเฉิน),Postal Code,,,edit without approval,YES,Emergency contacts,ผู้ติดต่อฉุกเฉิน,MISSING,,"Section ""Emergency contacts"" is on screen, but this field is not rendered",shots/en-emp-emergency.png
225,Hiring,Personal,Primary Emergency Contact (ผู้ติดต่อฉุกเฉิน),Primary Emergency Contact (ผู้ติดต่อฉุกเฉิน),Attachment,,,edit without approval,YES,Emergency contacts,ผู้ติดต่อฉุกเฉิน,MISSING,,"Section ""Emergency contacts"" is on screen, but this field is not rendered",shots/en-emp-emergency.png
226,Hiring,Employment,Time Information (ข้อมูลเวลางาน),,Day off Type,Not Required,view,,NO,,,MISSING,,No section for this BA group on the Employee File screen,shots/en-EMP-0002-full.png
227,Hiring,Employment,Time Information (ข้อมูลเวลางาน),,PF service End Date,Not Required,view,,NO,,,MISSING,,No section for this BA group on the Employee File screen,shots/en-EMP-0002-full.png
228,Hiring,Employment,Time Information (ข้อมูลเวลางาน),,Time Management Status,Required,view,,NO,,,MISSING,,No section for this BA group on the Employee File screen,shots/en-EMP-0002-full.png
229,Maintain,Employment,compensation Information,Payroll Information,Payslips,Not Required,view,,YES,Documents & e-letter,เอกสารและหนังสือ,MISSING,,"Section ""Documents & e-letter"" is on screen, but this field is not rendered",shots/en-emp-documents.png
230,Maintain,Employment,compensation Information,Payroll Information,E-Letter,Not Required,view,,YES,Documents & e-letter,เอกสารและหนังสือ,PARTIAL,(no dedicated label),"card is titled ""Documents & e-letter"" but renders only a generic document row",shots/en-emp-documents.png
231,Maintain,Employment,compensation Information,Payroll Information,50BIS,Not Required,view,,YES,Documents & e-letter,เอกสารและหนังสือ,MISSING,,"Section ""Documents & e-letter"" is on screen, but this field is not rendered",shots/en-emp-documents.png
232,Maintain,Employment,compensation Information,Payroll Information,Tax Deduction,Not Required,view,,YES,Documents & e-letter,เอกสารและหนังสือ,MISSING,,"Section ""Documents & e-letter"" is on screen, but this field is not rendered",shots/en-emp-documents.png
233,Maintain,Employment,Employment Information,,CurrentJobEffectiveDate,Not Required,view,,YES,Employment information,ข้อมูลการจ้างงาน,MISSING,,"Section ""Employment information"" is on screen, but this field is not rendered",shots/en-emp-employment.png
234,Maintain,Employment,Employment Information,,Current Corporate Title Effective Date,Not Required,view,,YES,Employment information,ข้อมูลการจ้างงาน,MISSING,,"Section ""Employment information"" is on screen, but this field is not rendered",shots/en-emp-employment.png
235,Maintain,Employment,Employment Information,,Current JG Effective Date,Not Required,view,,YES,Employment information,ข้อมูลการจ้างงาน,MISSING,,"Section ""Employment information"" is on screen, but this field is not rendered",shots/en-emp-employment.png
236,Maintain,Employment,Employment Information,,Current PG Effective Date,Not Required,view,,YES,Employment information,ข้อมูลการจ้างงาน,MISSING,,"Section ""Employment information"" is on screen, but this field is not rendered",shots/en-emp-employment.png
237,Maintain,Employment,Employment Information,,Current Position Effective Date,Not Required,view,,YES,Employment information,ข้อมูลการจ้างงาน,MISSING,,"Section ""Employment information"" is on screen, but this field is not rendered",shots/en-emp-employment.png
238,Maintain,Employment,Employment Information,,Current Store Branch Effective Date,Not Required,view,,YES,Employment information,ข้อมูลการจ้างงาน,MISSING,,"Section ""Employment information"" is on screen, but this field is not rendered",shots/en-emp-employment.png
239,Maintain,Employment,Employment Information,,Hire Date,Not Required,view,,YES,Employment information,ข้อมูลการจ้างงาน,FOUND,Hire Date / วันที่เริ่มงาน,,shots/en-emp-employment.png
240,Maintain,Employment,Employment Information,,Original Start Date,Not Required,view,,YES,Employment information,ข้อมูลการจ้างงาน,FOUND,Original Start Date / วันที่เริ่มงานครั้งแรก,,shots/en-emp-employment.png
241,Maintain,Employment,Employment Information,,Seniority Start Date,Not Required,view,,YES,Employment information,ข้อมูลการจ้างงาน,MISSING,,"Section ""Employment information"" is on screen, but this field is not rendered",shots/en-emp-employment.png
242,Maintain,Employment,Employment Information,,Year of service,Not Required,view,,YES,Employment information,ข้อมูลการจ้างงาน,FOUND,อายุงาน (บริษัท),,shots/en-emp-employment.png
243,Maintain,Employment,Employment Information,,Pass Probation Date/Confirm Date,Not Required,view,,YES,Employment information,ข้อมูลการจ้างงาน,MISSING,,"Section ""Employment information"" is on screen, but this field is not rendered",shots/en-emp-employment.png
244,Maintain,Employment,Employment Information,,Current Years in Corporate Title,Not Required,view,,YES,Employment information,ข้อมูลการจ้างงาน,FOUND,อายุงานในระดับ,,shots/en-emp-employment.png
245,Maintain,Employment,Employment Information,,Current Years in JG,Not Required,view,,YES,Employment information,ข้อมูลการจ้างงาน,FOUND,อายุงานในสายงาน,,shots/en-emp-employment.png
246,Maintain,Employment,Employment Information,,Current Years in PG,Not Required,view,,YES,Employment information,ข้อมูลการจ้างงาน,MISSING,,"Section ""Employment information"" is on screen, but this field is not rendered",shots/en-emp-employment.png
247,Maintain,Employment,Employment Information,,Current Years in Position,Not Required,view,,YES,Employment information,ข้อมูลการจ้างงาน,FOUND,อายุงานในตำแหน่ง,,shots/en-emp-employment.png
248,Maintain,Employment,Employment Information,,Current Years in Store Branch,Not Required,view,,YES,Employment information,ข้อมูลการจ้างงาน,MISSING,,"Section ""Employment information"" is on screen, but this field is not rendered",shots/en-emp-employment.png
249,Maintain,Employment,Employment Information,,Retire­ment Date,Not Required,view,,YES,Employment information,ข้อมูลการจ้างงาน,MISSING,,"Section ""Employment information"" is on screen, but this field is not rendered",shots/en-emp-employment.png
250,Maintain,Employment,Employment Information,,CG previous Employee ID,Not Required,view,,YES,Employment information,ข้อมูลการจ้างงาน,MISSING,,"Section ""Employment information"" is on screen, but this field is not rendered",shots/en-emp-employment.png
251,Maintain,Employment,Employment Information,,DVT previous ID,Not Required,view,,YES,Employment information,ข้อมูลการจ้างงาน,MISSING,,"Section ""Employment information"" is on screen, but this field is not rendered",shots/en-emp-employment.png
252,Maintain,Employment,Employment Information,,PF service Date,Not Required,view,,YES,Employment information,ข้อมูลการจ้างงาน,MISSING,,"Section ""Employment information"" is on screen, but this field is not rendered",shots/en-emp-employment.png
253,Maintain,Employment,Employment Information,,Org. Chart,Not Required,view,,YES,Employment information,ข้อมูลการจ้างงาน,MISSING,,"Section ""Employment information"" is on screen, but this field is not rendered",shots/en-emp-employment.png
254,Maintain,Employment,Job Information,,Failed Probation Date,Not Required,,,YES,Employment information,ข้อมูลการจ้างงาน,MISSING,,"Section ""Employment information"" is on screen, but this field is not rendered",shots/en-emp-employment.png
255,Maintain,Employment,Job Information,,probation result,Not Required,,,YES,Employment information,ข้อมูลการจ้างงาน,MISSING,,"Section ""Employment information"" is on screen, but this field is not rendered",shots/en-emp-employment.png
256,Maintain,Employment,Job Information,,Additional Information (Termination),,view,,YES,Employment information,ข้อมูลการจ้างงาน,MISSING,,"Section ""Employment information"" is on screen, but this field is not rendered",shots/en-emp-employment.png
257,Maintain,Employment,Job Information,,OK to Rehire,Not Required,view,,YES,Employment information,ข้อมูลการจ้างงาน,MISSING,,"Section ""Employment information"" is on screen, but this field is not rendered",shots/en-emp-employment.png
258,Hiring,Employment,Time Information (ข้อมูลเวลางาน),,Work Schedule,Required,view,,NO,,,MISSING,,No section for this BA group on the Employee File screen,shots/en-EMP-0002-full.png
259,Hiring,Employment,Time Information (ข้อมูลเวลางาน),,Holiday Type Condition,Not Required,view,,NO,,,MISSING,,No section for this BA group on the Employee File screen,shots/en-EMP-0002-full.png
260,Hiring,Employment,Time Information (ข้อมูลเวลางาน),,O.T. Flag,Required,view,,NO,,,MISSING,,No section for this BA group on the Employee File screen,shots/en-EMP-0002-full.png
261,Hiring,Employment,Time Information (ข้อมูลเวลางาน),,Override Standard Weekly Hours,Not Required,view,,NO,,,MISSING,,No section for this BA group on the Employee File screen,shots/en-EMP-0002-full.png
262,Hiring,Employment,Time Information (ข้อมูลเวลางาน),,FTE,Required,view,,NO,,,MISSING,,No section for this BA group on the Employee File screen,shots/en-EMP-0002-full.png
263,Hiring,Employment,Time Information (ข้อมูลเวลางาน),,Standard Weekly Hours,Required,view,,NO,,,MISSING,,No section for this BA group on the Employee File screen,shots/en-EMP-0002-full.png
264,Hiring,Employment,Time Information (ข้อมูลเวลางาน),,Daily Working Hours,Required,view,,NO,,,MISSING,,No section for this BA group on the Employee File screen,shots/en-EMP-0002-full.png
265,Hiring,Employment,Time Information (ข้อมูลเวลางาน),,Working Days per Week,Required,view,,NO,,,MISSING,,No section for this BA group on the Employee File screen,shots/en-EMP-0002-full.png
266,Hiring,Employment,Time Information (ข้อมูลเวลางาน),,Holiday Calendar,Not Required,view,,NO,,,MISSING,,No section for this BA group on the Employee File screen,shots/en-EMP-0002-full.png
267,Hiring,Employment,Work Permit Information (ใบอนุญาตทำงาน),,Document Type,required,edit without approval,,NO,,,MISSING,,No section for this BA group on the Employee File screen,shots/en-EMP-0002-full.png
268,Hiring,Employment,Work Permit Information (ใบอนุญาตทำงาน),,Country,required,edit without approval,,NO,,,MISSING,,No section for this BA group on the Employee File screen,shots/en-EMP-0002-full.png
269,Hiring,Employment,Work Permit Information (ใบอนุญาตทำงาน),,Document Number,required,edit without approval,,NO,,,MISSING,,No section for this BA group on the Employee File screen,shots/en-EMP-0002-full.png
270,Hiring,Employment,Work Permit Information (ใบอนุญาตทำงาน),,Issue Date,required,edit without approval,,NO,,,MISSING,,No section for this BA group on the Employee File screen,shots/en-EMP-0002-full.png
271,Hiring,Employment,Work Permit Information (ใบอนุญาตทำงาน),,Expiry Date,required,edit without approval,,NO,,,MISSING,,No section for this BA group on the Employee File screen,shots/en-EMP-0002-full.png
272,Hiring,Employment,Work Permit Information (ใบอนุญาตทำงาน),,Arrival date (VISA),required,edit without approval,,NO,,,MISSING,,No section for this BA group on the Employee File screen,shots/en-EMP-0002-full.png
273,Hiring,Employment,Work Permit Information (ใบอนุญาตทำงาน),,90 days report (VISA),required,edit without approval,,NO,,,MISSING,,No section for this BA group on the Employee File screen,shots/en-EMP-0002-full.png
274,Hiring,Employment,Work Permit Information (ใบอนุญาตทำงาน),,Attachment,Not Required,edit without approval,,NO,,,MISSING,,No section for this BA group on the Employee File screen,shots/en-EMP-0002-full.png
275,Maintain,Profile,Pending,,Username,Not Required,view,edit without approval,NO,,,MISSING,,No section for this BA group on the Employee File screen,shots/en-EMP-0002-full.png
276,Maintain,Profile,compensation,,Review Name,Not Required,view,edit without approval,YES,Compensation history,ประวัติค่าตอบแทน,MISSING,,"Section ""Compensation history"" is on screen, but this field is not rendered",shots/en-emp-compensation-history.png
277,Maintain,Profile,compensation,,Review Start,Not Required,view,edit without approval,YES,Compensation history,ประวัติค่าตอบแทน,MISSING,,"Section ""Compensation history"" is on screen, but this field is not rendered",shots/en-emp-compensation-history.png
278,Maintain,Profile,compensation,,Review End,Not Required,view,edit without approval,YES,Compensation history,ประวัติค่าตอบแทน,MISSING,,"Section ""Compensation history"" is on screen, but this field is not rendered",shots/en-emp-compensation-history.png
279,Maintain,Profile,compensation,,Job Title,Not Required,view,edit without approval,YES,Compensation history,ประวัติค่าตอบแทน,MISSING,,"Section ""Compensation history"" is on screen, but this field is not rendered",shots/en-emp-compensation-history.png
280,Maintain,Profile,compensation,,Performance Management Rating,Not Required,view,edit without approval,YES,Compensation history,ประวัติค่าตอบแทน,MISSING,,"Section ""Compensation history"" is on screen, but this field is not rendered",shots/en-emp-compensation-history.png
281,Maintain,Profile,compensation,,Salary Before Review,Not Required,view,edit without approval,YES,Compensation history,ประวัติค่าตอบแทน,PARTIAL,(no dedicated label),"masked amount (฿ ••,•••)",shots/en-emp-compensation-history.png
282,Maintain,Profile,compensation,,Merit,Not Required,view,edit without approval,YES,Compensation history,ประวัติค่าตอบแทน,PARTIAL,(no dedicated label),"row reason text, e.g. ""Merit increase""",shots/en-emp-compensation-history.png
283,Maintain,Profile,compensation,,Salary After Review,Not Required,view,edit without approval,YES,Compensation history,ประวัติค่าตอบแทน,PARTIAL,(no dedicated label),"masked amount (฿ ••,•••)",shots/en-emp-compensation-history.png
284,Maintain,Profile,compensation,,Compa-Ratio,Not Required,view,edit without approval,YES,Compensation history,ประวัติค่าตอบแทน,MISSING,,"Section ""Compensation history"" is on screen, but this field is not rendered",shots/en-emp-compensation-history.png
285,Maintain,Profile,compensation,,Total Pay,Not Required,view,edit without approval,YES,Compensation history,ประวัติค่าตอบแทน,MISSING,,"Section ""Compensation history"" is on screen, but this field is not rendered",shots/en-emp-compensation-history.png
286,Maintain,Profile,compensation,,Bonus,Not Required,view,edit without approval,YES,Compensation history,ประวัติค่าตอบแทน,MISSING,,"Section ""Compensation history"" is on screen, but this field is not rendered",shots/en-emp-compensation-history.png
287,Maintain,Profile,compensation,,Stock,Not Required,view,edit without approval,YES,Compensation history,ประวัติค่าตอบแทน,MISSING,,"Section ""Compensation history"" is on screen, but this field is not rendered",shots/en-emp-compensation-history.png
288,Maintain,Profile,compensation,,Option,Not Required,view,edit without approval,YES,Compensation history,ประวัติค่าตอบแทน,MISSING,,"Section ""Compensation history"" is on screen, but this field is not rendered",shots/en-emp-compensation-history.png
289,Maintain,Profile,compensation,,Grant Date,Not Required,view,edit without approval,YES,Compensation history,ประวัติค่าตอบแทน,MISSING,,"Section ""Compensation history"" is on screen, but this field is not rendered",shots/en-emp-compensation-history.png
290,Maintain,Profile,compensation,,Lump Sum,Not Required,view,edit without approval,YES,Compensation history,ประวัติค่าตอบแทน,MISSING,,"Section ""Compensation history"" is on screen, but this field is not rendered",shots/en-emp-compensation-history.png
291,Maintain,Profile,E-Letter,,Year,Not Required,view,edit without approval,YES,Documents & e-letter,เอกสารและหนังสือ,PARTIAL,(no dedicated label),"document row date, e.g. ""2019-05-01""",shots/en-emp-documents.png
292,Maintain,Profile,E-Letter,,Group,Not Required,view,edit without approval,YES,Documents & e-letter,เอกสารและหนังสือ,MISSING,,"Section ""Documents & e-letter"" is on screen, but this field is not rendered",shots/en-emp-documents.png
293,Maintain,Profile,E-Letter,,Attachment,Not Required,view,edit without approval,YES,Documents & e-letter,เอกสารและหนังสือ,PARTIAL,(no dedicated label),"""PDF"" chip on the document row",shots/en-emp-documents.png
294,Maintain,Profile,E-Letter,,More Information,Not Required,view,edit without approval,YES,Documents & e-letter,เอกสารและหนังสือ,MISSING,,"Section ""Documents & e-letter"" is on screen, but this field is not rendered",shots/en-emp-documents.png
295,Maintain,Profile,E-Letter,,Year,Required,view,edit without approval,YES,Documents & e-letter,เอกสารและหนังสือ,PARTIAL,(no dedicated label),"document row date, e.g. ""2019-05-01""",shots/en-emp-documents.png
296,Maintain,Profile,E-Letter,,Group,Required,view,edit without approval,YES,Documents & e-letter,เอกสารและหนังสือ,MISSING,,"Section ""Documents & e-letter"" is on screen, but this field is not rendered",shots/en-emp-documents.png
297,Maintain,Profile,E-Letter,,Attachment,Required,view,edit without approval,YES,Documents & e-letter,เอกสารและหนังสือ,PARTIAL,(no dedicated label),"""PDF"" chip on the document row",shots/en-emp-documents.png
298,Maintain,Profile,E-Letter,,More Information,Not Required,view,edit without approval,YES,Documents & e-letter,เอกสารและหนังสือ,MISSING,,"Section ""Documents & e-letter"" is on screen, but this field is not rendered",shots/en-emp-documents.png
299,Maintain,Profile,Work Experience Within Company,,Company (Current) -> start date,Not Required,view,edit without approval,YES,Work experience,ประสบการณ์ทำงาน,PARTIAL,(no dedicated label),card summary line,shots/en-emp-work-experience.png
300,Maintain,Profile,Work Experience Within Company,,Company (Current) -> end date,Not Required,view,edit without approval,YES,Work experience,ประสบการณ์ทำงาน,PARTIAL,(no dedicated label),card summary line,shots/en-emp-work-experience.png
301,Maintain,Profile,Work Experience Within Company,,Company (Current) -> event,Not Required,view,edit without approval,YES,Work experience,ประสบการณ์ทำงาน,MISSING,,"Section ""Work experience"" is on screen, but this field is not rendered",shots/en-emp-work-experience.png
302,Maintain,Profile,Work Experience Within Company,,Work Experience Within Company (History) -> startdate,Not Required,view,edit without approval,YES,Work experience,ประสบการณ์ทำงาน,PARTIAL,(no dedicated label),card summary line,shots/en-emp-work-experience.png
303,Maintain,Profile,Work Experience Within Company,,Company (Current) -> end date,Not Required,view,edit without approval,YES,Work experience,ประสบการณ์ทำงาน,PARTIAL,(no dedicated label),card summary line,shots/en-emp-work-experience.png
304,Maintain,Profile,Work Experience Within Company,,Company (Current) -> company,Not Required,view,edit without approval,YES,Work experience,ประสบการณ์ทำงาน,PARTIAL,(no dedicated label),card summary line,shots/en-emp-work-experience.png
305,Maintain,Profile,Salary History,,Start Date,Not Required,view,edit without approval,YES,Compensation history,ประวัติค่าตอบแทน,FOUND,"""Effective:"" date on each row",,shots/en-emp-compensation-history.png
306,Maintain,Profile,Salary History,,Salary Amount,Not Required,view,edit without approval,YES,Compensation history,ประวัติค่าตอบแทน,PARTIAL,(no dedicated label),"masked amount (฿ ••,•••)",shots/en-emp-compensation-history.png
307,Maintain,Profile,Salary History,,Changed Amount,Not Required,view,edit without approval,YES,Compensation history,ประวัติค่าตอบแทน,PARTIAL,(no dedicated label),"masked before/after pair (฿ ••,••• → ฿ ••,•••)",shots/en-emp-compensation-history.png
308,Maintain,Profile,Salary History,,Reason,Not Required,view,edit without approval,YES,Compensation history,ประวัติค่าตอบแทน,PARTIAL,(no dedicated label),"row title text, e.g. ""Merit increase"" — not a labelled field",shots/en-emp-compensation-history.png
309,Maintain,Profile,Previous Employment,,Previous Work History-> startdate,Not Required,edit without approval,edit without approval,YES,Work experience,ประสบการณ์ทำงาน,PARTIAL,(no dedicated label),card summary line,shots/en-emp-work-experience.png
310,Maintain,Profile,Previous Employment,,Previous Work History-> enddate,Not Required,edit without approval,edit without approval,YES,Work experience,ประสบการณ์ทำงาน,PARTIAL,(no dedicated label),card summary line,shots/en-emp-work-experience.png
311,Maintain,Profile,Previous Employment,,Previous Work History-> Company Name,Not Required,edit without approval,edit without approval,YES,Work experience,ประสบการณ์ทำงาน,PARTIAL,(no dedicated label),card summary line,shots/en-emp-work-experience.png
312,Maintain,Profile,Previous Employment,,Type of Business,Not Required,edit without approval,edit without approval,YES,Work experience,ประสบการณ์ทำงาน,MISSING,,"Section ""Work experience"" is on screen, but this field is not rendered",shots/en-emp-work-experience.png
313,Maintain,Profile,Previous Employment,,Function,Not Required,edit without approval,edit without approval,YES,Work experience,ประสบการณ์ทำงาน,MISSING,,"Section ""Work experience"" is on screen, but this field is not rendered",shots/en-emp-work-experience.png
314,Maintain,Profile,Previous Employment,,Position,Not Required,edit without approval,edit without approval,YES,Work experience,ประสบการณ์ทำงาน,PARTIAL,(no dedicated label),card summary line,shots/en-emp-work-experience.png
315,Maintain,Profile,Previous Employment,,Additional Information,Not Required,edit without approval,edit without approval,YES,Work experience,ประสบการณ์ทำงาน,MISSING,,"Section ""Work experience"" is on screen, but this field is not rendered",shots/en-emp-work-experience.png
316,Maintain,Profile,Previous Employment,,Present Employer?,Not Required,edit without approval,edit without approval,YES,Work experience,ประสบการณ์ทำงาน,PARTIAL,(no dedicated label),"summary shows ""– ปัจจุบัน"" for the open-ended row",shots/en-emp-work-experience.png
317,Maintain,Profile,Pending,,Learning History,Not Required,view,edit without approval,NO,,,MISSING,,No section for this BA group on the Employee File screen,shots/en-EMP-0002-full.png
318,Maintain,Profile,Language Skills,,Language,Not Required,edit without approval,edit without approval,NO,,,MISSING,,No section for this BA group on the Employee File screen,shots/en-EMP-0002-full.png
319,Maintain,Profile,Language Skills,,Certificate,Not Required,edit without approval,edit without approval,NO,,,MISSING,,No section for this BA group on the Employee File screen,shots/en-EMP-0002-full.png
320,Maintain,Profile,Language Skills,,Others,Not Required,edit without approval,edit without approval,NO,,,MISSING,,No section for this BA group on the Employee File screen,shots/en-EMP-0002-full.png
321,Maintain,Profile,Language Skills,,Attachment,Not Required,edit without approval,edit without approval,NO,,,MISSING,,No section for this BA group on the Employee File screen,shots/en-EMP-0002-full.png
322,Maintain,Profile,Language Skills,,Speaking Proficiency,Not Required,edit without approval,edit without approval,NO,,,MISSING,,No section for this BA group on the Employee File screen,shots/en-EMP-0002-full.png
323,Maintain,Profile,Language Skills,,Reading Proficiency,Not Required,edit without approval,edit without approval,NO,,,MISSING,,No section for this BA group on the Employee File screen,shots/en-EMP-0002-full.png
324,Maintain,Profile,Language Skills,,Writing Proficiency,Not Required,edit without approval,edit without approval,NO,,,MISSING,,No section for this BA group on the Employee File screen,shots/en-EMP-0002-full.png
325,Maintain,Profile,Language Skills,,Listening Proficiency,Not Required,edit without approval,edit without approval,NO,,,MISSING,,No section for this BA group on the Employee File screen,shots/en-EMP-0002-full.png
326,Maintain,Profile,Certification/License,,Type Of Certificate,Not Required,edit without approval,edit without approval,YES,Certifications & licenses,ใบรับรอง / ใบอนุญาต,MISSING,,"Section ""Certifications & licenses"" is on screen, but this field is not rendered",shots/en-emp-certifications.png
327,Maintain,Profile,Certification/License,,Certification/ License,Not Required,edit without approval,edit without approval,YES,Certifications & licenses,ใบรับรอง / ใบอนุญาต,PARTIAL,(no dedicated label),card summary line,shots/en-emp-certifications.png
328,Maintain,Profile,Certification/License,,Description,Not Required,edit without approval,edit without approval,YES,Certifications & licenses,ใบรับรอง / ใบอนุญาต,MISSING,,"Section ""Certifications & licenses"" is on screen, but this field is not rendered",shots/en-emp-certifications.png
329,Maintain,Profile,Certification/License,,Institution,Not Required,edit without approval,edit without approval,YES,Certifications & licenses,ใบรับรอง / ใบอนุญาต,PARTIAL,(no dedicated label),card summary line,shots/en-emp-certifications.png
330,Maintain,Profile,Certification/License,,Effective Date,Not Required,edit without approval,edit without approval,YES,Certifications & licenses,ใบรับรอง / ใบอนุญาต,PARTIAL,(no dedicated label),year on the summary line,shots/en-emp-certifications.png
331,Maintain,Profile,Certification/License,,Expiration Date,Not Required,edit without approval,edit without approval,YES,Certifications & licenses,ใบรับรอง / ใบอนุญาต,MISSING,,"Section ""Certifications & licenses"" is on screen, but this field is not rendered",shots/en-emp-certifications.png
332,Maintain,Profile,Certification/License,,Certification/ License Number,Not Required,edit without approval,edit without approval,YES,Certifications & licenses,ใบรับรอง / ใบอนุญาต,MISSING,,"Section ""Certifications & licenses"" is on screen, but this field is not rendered",shots/en-emp-certifications.png
333,Maintain,Profile,Certification/License,,Name as appears on Certification/License,Not Required,edit without approval,edit without approval,YES,Certifications & licenses,ใบรับรอง / ใบอนุญาต,MISSING,,"Section ""Certifications & licenses"" is on screen, but this field is not rendered",shots/en-emp-certifications.png
334,Maintain,Profile,Certification/License,,Certification/ License Country,Not Required,edit without approval,edit without approval,YES,Certifications & licenses,ใบรับรอง / ใบอนุญาต,MISSING,,"Section ""Certifications & licenses"" is on screen, but this field is not rendered",shots/en-emp-certifications.png
335,Maintain,Profile,Certification/License,,Score,Not Required,edit without approval,edit without approval,YES,Certifications & licenses,ใบรับรอง / ใบอนุญาต,MISSING,,"Section ""Certifications & licenses"" is on screen, but this field is not rendered",shots/en-emp-certifications.png
336,Maintain,Profile,Certification/License,,Attachment,Not Required,edit without approval,edit without approval,YES,Certifications & licenses,ใบรับรอง / ใบอนุญาต,MISSING,,"Section ""Certifications & licenses"" is on screen, but this field is not rendered",shots/en-emp-certifications.png
337,Maintain,Profile,Goodness,,Effective Date,Not Required,view,edit without approval,NO,,,MISSING,,No section for this BA group on the Employee File screen,shots/en-EMP-0002-full.png
338,Maintain,Profile,Goodness,,Detail,Not Required,view,edit without approval,NO,,,MISSING,,No section for this BA group on the Employee File screen,shots/en-EMP-0002-full.png
339,Maintain,Profile,Goodness,,Point,Not Required,view,edit without approval,NO,,,MISSING,,No section for this BA group on the Employee File screen,shots/en-EMP-0002-full.png
340,Maintain,Profile,Goodness,,Comment,Not Required,view,edit without approval,NO,,,MISSING,,No section for this BA group on the Employee File screen,shots/en-EMP-0002-full.png
341,Maintain,Profile,Disciplinary,,Start Date,Not Required,view,edit without approval,NO,,,MISSING,,No section for this BA group on the Employee File screen,shots/en-EMP-0002-full.png
342,Maintain,Profile,Disciplinary,,Type,Not Required,view,edit without approval,NO,,,MISSING,,No section for this BA group on the Employee File screen,shots/en-EMP-0002-full.png
343,Maintain,Profile,Disciplinary,,Detail,Not Required,view,edit without approval,NO,,,MISSING,,No section for this BA group on the Employee File screen,shots/en-EMP-0002-full.png
344,Maintain,Profile,Disciplinary,,Status,Not Required,view,edit without approval,NO,,,MISSING,,No section for this BA group on the Employee File screen,shots/en-EMP-0002-full.png
345,Maintain,Profile,Disciplinary,,Punishment Detail,Not Required,view,edit without approval,NO,,,MISSING,,No section for this BA group on the Employee File screen,shots/en-EMP-0002-full.png
346,Maintain,Profile,Disciplinary,,Punishment Date,Not Required,view,edit without approval,NO,,,MISSING,,No section for this BA group on the Employee File screen,shots/en-EMP-0002-full.png
347,Maintain,Profile,Disciplinary,,Appeal Date,Not Required,view,edit without approval,NO,,,MISSING,,No section for this BA group on the Employee File screen,shots/en-EMP-0002-full.png
348,Maintain,Profile,Disciplinary,,Point,Not Required,view,edit without approval,NO,,,MISSING,,No section for this BA group on the Employee File screen,shots/en-EMP-0002-full.png
349,Maintain,Profile,Disciplinary,,Damage Amount,Not Required,view,edit without approval,NO,,,MISSING,,No section for this BA group on the Employee File screen,shots/en-EMP-0002-full.png
350,Maintain,Profile,Disciplinary,,Supervisor,Not Required,view,edit without approval,NO,,,MISSING,,No section for this BA group on the Employee File screen,shots/en-EMP-0002-full.png
351,Maintain,Profile,Disciplinary,,Attachment,Not Required,view,edit without approval,NO,,,MISSING,,No section for this BA group on the Employee File screen,shots/en-EMP-0002-full.png
352,Maintain,Profile,Company Loan,,Start Date,Not Required,view,edit without approval,NO,,,MISSING,,No section for this BA group on the Employee File screen,shots/en-EMP-0002-full.png
353,Maintain,Profile,Company Loan,,End Date,Not Required,view,edit without approval,NO,,,MISSING,,No section for this BA group on the Employee File screen,shots/en-EMP-0002-full.png
354,Maintain,Profile,Company Loan,,Type of Loan,Not Required,view,edit without approval,NO,,,MISSING,,No section for this BA group on the Employee File screen,shots/en-EMP-0002-full.png
355,Maintain,Profile,Company Loan,,Amount,Not Required,view,edit without approval,NO,,,MISSING,,No section for this BA group on the Employee File screen,shots/en-EMP-0002-full.png
356,Maintain,Profile,Company Loan,,Additional Information,Not Required,view,edit without approval,NO,,,MISSING,,No section for this BA group on the Employee File screen,shots/en-EMP-0002-full.png
357,Maintain,Profile,Scholarship,,Scholarship Award Year,Not Required,view,edit without approval,NO,,,MISSING,,No section for this BA group on the Employee File screen,shots/en-EMP-0002-full.png
358,Maintain,Profile,Scholarship,,Graduation Year,Not Required,view,edit without approval,NO,,,MISSING,,No section for this BA group on the Employee File screen,shots/en-EMP-0002-full.png
359,Maintain,Profile,Scholarship,,Scholarship Start Year,Not Required,view,edit without approval,NO,,,MISSING,,No section for this BA group on the Employee File screen,shots/en-EMP-0002-full.png
360,Maintain,Profile,Scholarship,,Scholarship End Year,Not Required,view,edit without approval,NO,,,MISSING,,No section for this BA group on the Employee File screen,shots/en-EMP-0002-full.png
361,Maintain,Profile,Scholarship,,Attachment,Not Required,view,edit without approval,NO,,,MISSING,,No section for this BA group on the Employee File screen,shots/en-EMP-0002-full.png
362,Maintain,Profile,Scholarship,,Remarks,Not Required,view,edit without approval,NO,,,MISSING,,No section for this BA group on the Employee File screen,shots/en-EMP-0002-full.png
363,Maintain,Profile,Guarantee,,Guarantee,Not Required,view,edit without approval,NO,,,MISSING,,No section for this BA group on the Employee File screen,shots/en-EMP-0002-full.png
364,Maintain,Profile,Guarantee,,Effective date,Not Required,view,edit without approval,NO,,,MISSING,,No section for this BA group on the Employee File screen,shots/en-EMP-0002-full.png
365,Maintain,Profile,Guarantee,,Guarantor (Person name or Company name),Not Required,view,edit without approval,NO,,,MISSING,,No section for this BA group on the Employee File screen,shots/en-EMP-0002-full.png
366,Maintain,Profile,Guarantee,,Warranty Amount,Not Required,view,edit without approval,NO,,,MISSING,,No section for this BA group on the Employee File screen,shots/en-EMP-0002-full.png
367,Maintain,Profile,Guarantee,,Contact No.,Not Required,view,edit without approval,NO,,,MISSING,,No section for this BA group on the Employee File screen,shots/en-EMP-0002-full.png
368,Maintain,Profile,Guarantee,,End Date,Not Required,view,edit without approval,NO,,,MISSING,,No section for this BA group on the Employee File screen,shots/en-EMP-0002-full.png
369,Maintain,Profile,Pending,Pending,Obligation(EBO),Not Required,view,edit without approval,NO,,,MISSING,,No section for this BA group on the Employee File screen,shots/en-EMP-0002-full.png
370,Maintain,Profile,Company Asset,,Receiving date,Not Required,edit without approval,edit without approval,NO,,,MISSING,,No section for this BA group on the Employee File screen,shots/en-EMP-0002-full.png
371,Maintain,Profile,Company Asset,,Receiving status,Not Required,edit without approval,edit without approval,NO,,,MISSING,,No section for this BA group on the Employee File screen,shots/en-EMP-0002-full.png
372,Maintain,Profile,Company Asset,,Volume,Not Required,edit without approval,edit without approval,NO,,,MISSING,,No section for this BA group on the Employee File screen,shots/en-EMP-0002-full.png
373,Maintain,Profile,Company Asset,,Asset type,Not Required,edit without approval,edit without approval,NO,,,MISSING,,No section for this BA group on the Employee File screen,shots/en-EMP-0002-full.png
374,Maintain,Profile,Company Asset,,Returnable date,Not Required,edit without approval,edit without approval,NO,,,MISSING,,No section for this BA group on the Employee File screen,shots/en-EMP-0002-full.png
375,Maintain,Profile,Company Asset,,Return Status,Not Required,edit without approval,edit without approval,NO,,,MISSING,,No section for this BA group on the Employee File screen,shots/en-EMP-0002-full.png
376,Maintain,Profile,Company Asset,,Remark,Not Required,edit without approval,edit without approval,NO,,,MISSING,,No section for this BA group on the Employee File screen,shots/en-EMP-0002-full.png
377,Maintain,Profile,Company Asset,,Serial number,Not Required,edit without approval,edit without approval,NO,,,MISSING,,No section for this BA group on the Employee File screen,shots/en-EMP-0002-full.png
378,Maintain,Profile,Mobility,,Willing to Relocate,Not Required,edit without approval,edit without approval,NO,,,MISSING,,No section for this BA group on the Employee File screen,shots/en-EMP-0002-full.png
379,Maintain,Profile,Mobility,,Country,Not Required,edit without approval,edit without approval,NO,,,MISSING,,No section for this BA group on the Employee File screen,shots/en-EMP-0002-full.png
380,Maintain,Profile,Mobility,,Province,Not Required,edit without approval,edit without approval,NO,,,MISSING,,No section for this BA group on the Employee File screen,shots/en-EMP-0002-full.png
381,Maintain,Profile,Mobility,,Business Unit,Not Required,edit without approval,edit without approval,NO,,,MISSING,,No section for this BA group on the Employee File screen,shots/en-EMP-0002-full.png
382,Maintain,Profile,Mobility,,Function,Not Required,edit without approval,edit without approval,NO,,,MISSING,,No section for this BA group on the Employee File screen,shots/en-EMP-0002-full.png
383,Maintain,Profile,Mobility,,Comment,Not Required,edit without approval,edit without approval,NO,,,MISSING,,No section for this BA group on the Employee File screen,shots/en-EMP-0002-full.png
384,Maintain,Profile,Individual Document,,Document Name,Not Required,view,edit without approval,YES,Documents & e-letter,เอกสารและหนังสือ,PARTIAL,(no dedicated label),card summary line,shots/en-emp-documents.png
385,Maintain,Profile,Individual Document,,Effective Date,Not Required,view,edit without approval,YES,Documents & e-letter,เอกสารและหนังสือ,PARTIAL,(no dedicated label),document row date,shots/en-emp-documents.png
386,Maintain,Profile,Individual Document,,Attachment,Not Required,view,edit without approval,YES,Documents & e-letter,เอกสารและหนังสือ,PARTIAL,(no dedicated label),"""PDF"" chip on the document row",shots/en-emp-documents.png
387,Maintain,Profile,Benefit Election,,Dependent Name,Required,N/A,edit without approval,YES,Benefit enrollment,ลงทะเบียนสวัสดิการ,MISSING,,Enrollment card lists plan names only — no dependent-level election fields,shots/en-emp-benefit-enrollment.png
388,Maintain,Profile,Benefit Election,,Relation,Required,N/A,edit without approval,YES,Benefit enrollment,ลงทะเบียนสวัสดิการ,MISSING,,Enrollment card lists plan names only — no dependent-level election fields,shots/en-emp-benefit-enrollment.png
389,Maintain,Profile,Benefit Election,,Birth Date,Required,N/A,edit without approval,YES,Benefit enrollment,ลงทะเบียนสวัสดิการ,MISSING,,Enrollment card lists plan names only — no dependent-level election fields,shots/en-emp-benefit-enrollment.png
390,Maintain,Profile,Benefit Election,,National ID,Required,N/A,edit without approval,YES,Benefit enrollment,ลงทะเบียนสวัสดิการ,MISSING,,Enrollment card lists plan names only — no dependent-level election fields,shots/en-emp-benefit-enrollment.png
391,Maintain,Profile,Benefit Election,,Gender,Required,N/A,edit without approval,YES,Benefit enrollment,ลงทะเบียนสวัสดิการ,MISSING,,Enrollment card lists plan names only — no dependent-level election fields,shots/en-emp-benefit-enrollment.png
392,Maintain,Profile,Benefit Election,,Student?,Required,N/A,edit without approval,YES,Benefit enrollment,ลงทะเบียนสวัสดิการ,MISSING,,Enrollment card lists plan names only — no dependent-level election fields,shots/en-emp-benefit-enrollment.png
393,Maintain,Profile,Benefit Election,,Smoker?,Required,N/A,edit without approval,YES,Benefit enrollment,ลงทะเบียนสวัสดิการ,MISSING,,Enrollment card lists plan names only — no dependent-level election fields,shots/en-emp-benefit-enrollment.png
394,Maintain,Profile,Benefit Election,,Disabled?,Required,N/A,edit without approval,YES,Benefit enrollment,ลงทะเบียนสวัสดิการ,MISSING,,Enrollment card lists plan names only — no dependent-level election fields,shots/en-emp-benefit-enrollment.png
395,Maintain,Profile,Benefit Election,,Health Plan,Required,N/A,edit without approval,YES,Benefit enrollment,ลงทะเบียนสวัสดิการ,MISSING,,Enrollment card lists plan names only — no dependent-level election fields,shots/en-emp-benefit-enrollment.png
396,Maintain,Profile,Benefit Election,,Dental Plan,Required,N/A,edit without approval,YES,Benefit enrollment,ลงทะเบียนสวัสดิการ,MISSING,,Enrollment card lists plan names only — no dependent-level election fields,shots/en-emp-benefit-enrollment.png
397,Maintain,Profile,Community/Volunteer Involvement,,From Date,Not Required,edit without approval,edit without approval,NO,,,MISSING,,No section for this BA group on the Employee File screen,shots/en-EMP-0002-full.png
398,Maintain,Profile,Community/Volunteer Involvement,,End Date,Not Required,edit without approval,edit without approval,NO,,,MISSING,,No section for this BA group on the Employee File screen,shots/en-EMP-0002-full.png
399,Maintain,Profile,Community/Volunteer Involvement,,Community/Volunteer Organization Name,Required,edit without approval,edit without approval,NO,,,MISSING,,No section for this BA group on the Employee File screen,shots/en-EMP-0002-full.png
400,Maintain,Profile,Community/Volunteer Involvement,,Role,Not Required,edit without approval,edit without approval,NO,,,MISSING,,No section for this BA group on the Employee File screen,shots/en-EMP-0002-full.png
401,Maintain,Profile,Courses/Workshops/Seminars,,Course Name,Required,edit without approval,edit without approval,NO,,,MISSING,,No section for this BA group on the Employee File screen,shots/en-EMP-0002-full.png
402,Maintain,Profile,Courses/Workshops/Seminars,,Institution Name,Not Required,edit without approval,edit without approval,NO,,,MISSING,,No section for this BA group on the Employee File screen,shots/en-EMP-0002-full.png
403,Maintain,Profile,Courses/Workshops/Seminars,,Start Date,Required,edit without approval,edit without approval,NO,,,MISSING,,No section for this BA group on the Employee File screen,shots/en-EMP-0002-full.png
404,Maintain,Profile,Courses/Workshops/Seminars,,End Date,Not Required,edit without approval,edit without approval,NO,,,MISSING,,No section for this BA group on the Employee File screen,shots/en-EMP-0002-full.png
405,Maintain,Profile,Key Successes,,Year (AD),Required,edit without approval,edit without approval,NO,,,MISSING,,No section for this BA group on the Employee File screen,shots/en-EMP-0002-full.png
406,Maintain,Profile,Key Successes,,Achievement,Required,edit without approval,edit without approval,NO,,,MISSING,,No section for this BA group on the Employee File screen,shots/en-EMP-0002-full.png
407,Maintain,Profile,Key Successes,,Attachment,Required,edit without approval,edit without approval,NO,,,MISSING,,No section for this BA group on the Employee File screen,shots/en-EMP-0002-full.png
408,Maintain,Profile,Assessment Program,,Program,Required,edit without approval,edit without approval,YES,Performance & promotability,การประเมิน / ศักยภาพเลื่อนตำแหน่ง,PARTIAL,(no dedicated label),card summary line,shots/en-emp-assessments.png
409,Maintain,Profile,Assessment Program,,Year (AD),Required,edit without approval,edit without approval,YES,Performance & promotability,การประเมิน / ศักยภาพเลื่อนตำแหน่ง,PARTIAL,(no dedicated label),year on the summary line,shots/en-emp-assessments.png
410,Maintain,Profile,Assessment Program,,Result,Not Required,edit without approval,edit without approval,YES,Performance & promotability,การประเมิน / ศักยภาพเลื่อนตำแหน่ง,PARTIAL,(no dedicated label),card summary line,shots/en-emp-assessments.png
411,Maintain,Profile,Assessment Program,,MBTI Strength,Not Required,edit without approval,edit without approval,YES,Performance & promotability,การประเมิน / ศักยภาพเลื่อนตำแหน่ง,MISSING,,"Section ""Performance & promotability"" is on screen, but this field is not rendered",shots/en-emp-assessments.png
412,Maintain,Profile,Assessment Program,,MBTI Weakness,Not Required,edit without approval,edit without approval,YES,Performance & promotability,การประเมิน / ศักยภาพเลื่อนตำแหน่ง,MISSING,,"Section ""Performance & promotability"" is on screen, but this field is not rendered",shots/en-emp-assessments.png
413,Maintain,Profile,Assessment Program,,Attachment,Not Required,edit without approval,edit without approval,YES,Performance & promotability,การประเมิน / ศักยภาพเลื่อนตำแหน่ง,MISSING,,"Section ""Performance & promotability"" is on screen, but this field is not rendered",shots/en-emp-assessments.png
414,Maintain,Profile,Coaching Feedback,,Type,Required,edit without approval,edit without approval,NO,,,MISSING,,No section for this BA group on the Employee File screen,shots/en-EMP-0002-full.png
415,Maintain,Profile,Coaching Feedback,,Internal Name,Not Required,edit without approval,edit without approval,NO,,,MISSING,,No section for this BA group on the Employee File screen,shots/en-EMP-0002-full.png
416,Maintain,Profile,Coaching Feedback,,External Name,Not Required,edit without approval,edit without approval,NO,,,MISSING,,No section for this BA group on the Employee File screen,shots/en-EMP-0002-full.png
417,Maintain,Profile,Coaching Feedback,,Identified as of Date,Not Required,edit without approval,edit without approval,NO,,,MISSING,,No section for this BA group on the Employee File screen,shots/en-EMP-0002-full.png
418,Maintain,Profile,Coaching Feedback,,Comment/Feedback,Not Required,edit without approval,edit without approval,NO,,,MISSING,,No section for this BA group on the Employee File screen,shots/en-EMP-0002-full.png
419,Maintain,Profile,Coaching Feedback,,Attachment,Not Required,edit without approval,edit without approval,NO,,,MISSING,,No section for this BA group on the Employee File screen,shots/en-EMP-0002-full.png
420,Maintain,Profile,Development Goals,,Category,Not Required,edit without approval,edit without approval,NO,,,MISSING,,No section for this BA group on the Employee File screen,shots/en-EMP-0002-full.png
421,Maintain,Profile,Development Goals,,Development Goal ID,Not Required,edit without approval,edit without approval,NO,,,MISSING,,No section for this BA group on the Employee File screen,shots/en-EMP-0002-full.png
422,Maintain,Profile,Development Goals,,Development Goal,Not Required,edit without approval,edit without approval,NO,,,MISSING,,No section for this BA group on the Employee File screen,shots/en-EMP-0002-full.png
423,Maintain,Profile,Development Goals,,Description,Not Required,edit without approval,edit without approval,NO,,,MISSING,,No section for this BA group on the Employee File screen,shots/en-EMP-0002-full.png
424,Maintain,Profile,Development Goals,,Expected Outcome,Not Required,edit without approval,edit without approval,NO,,,MISSING,,No section for this BA group on the Employee File screen,shots/en-EMP-0002-full.png
425,Maintain,Profile,Development Goals,,Competency,Not Required,edit without approval,edit without approval,NO,,,MISSING,,No section for this BA group on the Employee File screen,shots/en-EMP-0002-full.png
426,Maintain,Profile,Development Goals,,Start Date,Not Required,edit without approval,edit without approval,NO,,,MISSING,,No section for this BA group on the Employee File screen,shots/en-EMP-0002-full.png
427,Maintain,Profile,Development Goals,,Complete Date,Not Required,edit without approval,edit without approval,NO,,,MISSING,,No section for this BA group on the Employee File screen,shots/en-EMP-0002-full.png
428,Maintain,Profile,Development Goals,,Development Goal Status,Not Required,edit without approval,edit without approval,NO,,,MISSING,,No section for this BA group on the Employee File screen,shots/en-EMP-0002-full.png
429,Maintain,Profile,Development Opportunities,,Year (AD),Required,edit without approval,edit without approval,NO,,,MISSING,,No section for this BA group on the Employee File screen,shots/en-EMP-0002-full.png
430,Maintain,Profile,Development Opportunities,,Development Needs,Required,edit without approval,edit without approval,NO,,,MISSING,,No section for this BA group on the Employee File screen,shots/en-EMP-0002-full.png
431,Maintain,Profile,Development Opportunities,,Description,Not Required,edit without approval,edit without approval,NO,,,MISSING,,No section for this BA group on the Employee File screen,shots/en-EMP-0002-full.png
432,Maintain,Profile,Overall Competency Rating (UA),,Year(AD),Required,edit without approval,edit without approval,YES,Performance & promotability,การประเมิน / ศักยภาพเลื่อนตำแหน่ง,PARTIAL,(no dedicated label),year on the summary line,shots/en-emp-assessments.png
433,Maintain,Profile,Overall Competency Rating (UA),,Rating Score,Not Required,edit without approval,edit without approval,YES,Performance & promotability,การประเมิน / ศักยภาพเลื่อนตำแหน่ง,MISSING,,"Section ""Performance & promotability"" is on screen, but this field is not rendered",shots/en-emp-assessments.png
434,Maintain,Profile,Overall Competency Rating (UA),,Rating Label,Not Required,edit without approval,edit without approval,YES,Performance & promotability,การประเมิน / ศักยภาพเลื่อนตำแหน่ง,PARTIAL,(no dedicated label),card summary line,shots/en-emp-assessments.png
435,Maintain,Profile,Overall KPI Rating (UA),,Year(AD),Required,edit without approval,edit without approval,YES,Performance & promotability,การประเมิน / ศักยภาพเลื่อนตำแหน่ง,PARTIAL,(no dedicated label),year on the summary line,shots/en-emp-assessments.png
436,Maintain,Profile,Overall KPI Rating (UA),,Rating Score,Not Required,edit without approval,edit without approval,YES,Performance & promotability,การประเมิน / ศักยภาพเลื่อนตำแหน่ง,MISSING,,"Section ""Performance & promotability"" is on screen, but this field is not rendered",shots/en-emp-assessments.png
437,Maintain,Profile,Overall KPI Rating (UA),,Rating Label,Not Required,edit without approval,edit without approval,YES,Performance & promotability,การประเมิน / ศักยภาพเลื่อนตำแหน่ง,PARTIAL,(no dedicated label),card summary line,shots/en-emp-assessments.png
438,Maintain,Profile,Overall Performance Rating (UA),,Year(AD),Required,view,edit without approval,YES,Performance & promotability,การประเมิน / ศักยภาพเลื่อนตำแหน่ง,PARTIAL,(no dedicated label),year on the summary line,shots/en-emp-assessments.png
439,Maintain,Profile,Overall Performance Rating (UA),,Rating Score,Not Required,view,edit without approval,YES,Performance & promotability,การประเมิน / ศักยภาพเลื่อนตำแหน่ง,MISSING,,"Section ""Performance & promotability"" is on screen, but this field is not rendered",shots/en-emp-assessments.png
440,Maintain,Profile,Overall Performance Rating (UA),,Rating Label,Not Required,view,edit without approval,YES,Performance & promotability,การประเมิน / ศักยภาพเลื่อนตำแหน่ง,PARTIAL,(no dedicated label),card summary line,shots/en-emp-assessments.png
441,Maintain,Profile,Overall Performance Rating (UA),,Remark,Not Required,view,edit without approval,YES,Performance & promotability,การประเมิน / ศักยภาพเลื่อนตำแหน่ง,MISSING,,"Section ""Performance & promotability"" is on screen, but this field is not rendered",shots/en-emp-assessments.png
442,Maintain,Profile,Business Driver Assessment,,Driving for Profitable Growth,Not Required,edit without approval,edit without approval,NO,,,MISSING,,No section for this BA group on the Employee File screen,shots/en-EMP-0002-full.png
443,Maintain,Profile,Business Driver Assessment,,Striving to Meet Customer Satisfaction,Not Required,edit without approval,edit without approval,NO,,,MISSING,,No section for this BA group on the Employee File screen,shots/en-EMP-0002-full.png
444,Maintain,Profile,Business Driver Assessment,,Building Organization Excellence,Not Required,edit without approval,edit without approval,NO,,,MISSING,,No section for this BA group on the Employee File screen,shots/en-EMP-0002-full.png
445,Maintain,Profile,Business Driver Assessment,,Promoting Sustainable Collaborations & Partnerships,Not Required,edit without approval,edit without approval,NO,,,MISSING,,No section for this BA group on the Employee File screen,shots/en-EMP-0002-full.png
446,Maintain,Profile,Business Driver Assessment,,Developing People,Not Required,edit without approval,edit without approval,NO,,,MISSING,,No section for this BA group on the Employee File screen,shots/en-EMP-0002-full.png
447,Maintain,Profile,Business Driver Assessment,,Leading Innovation,Not Required,edit without approval,edit without approval,NO,,,MISSING,,No section for this BA group on the Employee File screen,shots/en-EMP-0002-full.png
448,Maintain,Profile,Learning Activities,,Category,Not Required,edit without approval,edit without approval,NO,,,MISSING,,No section for this BA group on the Employee File screen,shots/en-EMP-0002-full.png
449,Maintain,Profile,Learning Activities,,Development Objective ID,Not Required,edit without approval,edit without approval,NO,,,MISSING,,No section for this BA group on the Employee File screen,shots/en-EMP-0002-full.png
450,Maintain,Profile,Learning Activities,,Topic,Not Required,edit without approval,edit without approval,NO,,,MISSING,,No section for this BA group on the Employee File screen,shots/en-EMP-0002-full.png
451,Maintain,Profile,Learning Activities,,Description,Not Required,edit without approval,edit without approval,NO,,,MISSING,,No section for this BA group on the Employee File screen,shots/en-EMP-0002-full.png
452,Maintain,Profile,Learning Activities,,Planned Start Date,Not Required,edit without approval,edit without approval,NO,,,MISSING,,No section for this BA group on the Employee File screen,shots/en-EMP-0002-full.png
453,Maintain,Profile,Learning Activities,,Planned Completed Date,Not Required,edit without approval,edit without approval,NO,,,MISSING,,No section for this BA group on the Employee File screen,shots/en-EMP-0002-full.png
454,Maintain,Profile,Learning Activities,,Status,Not Required,edit without approval,edit without approval,NO,,,MISSING,,No section for this BA group on the Employee File screen,shots/en-EMP-0002-full.png
455,Maintain,Profile,Learning Activities,,Learning Activity ID,Not Required,edit without approval,edit without approval,NO,,,MISSING,,No section for this BA group on the Employee File screen,shots/en-EMP-0002-full.png
456,Maintain,Profile,Learning Activities,,Type,Not Required,edit without approval,edit without approval,NO,,,MISSING,,No section for this BA group on the Employee File screen,shots/en-EMP-0002-full.png
457,Maintain,Profile,Learning Activities,,Learning Name,Not Required,edit without approval,edit without approval,NO,,,MISSING,,No section for this BA group on the Employee File screen,shots/en-EMP-0002-full.png
458,Maintain,Profile,Learning Activities,,Learning Status,Not Required,edit without approval,edit without approval,NO,,,MISSING,,No section for this BA group on the Employee File screen,shots/en-EMP-0002-full.png
459,Maintain,Profile,Learning Activities,,Learning Planned Start Date,Not Required,edit without approval,edit without approval,NO,,,MISSING,,No section for this BA group on the Employee File screen,shots/en-EMP-0002-full.png
460,Maintain,Profile,Learning Activities,,Learning Planned Completed Date,Not Required,edit without approval,edit without approval,NO,,,MISSING,,No section for this BA group on the Employee File screen,shots/en-EMP-0002-full.png
461,Maintain,Profile,Learning Activities,,Learning Planned Expected Result,Not Required,edit without approval,edit without approval,NO,,,MISSING,,No section for this BA group on the Employee File screen,shots/en-EMP-0002-full.png
462,Maintain,Profile,MT/MA Reference,,Program,Required,edit without approval,edit without approval,NO,,,MISSING,,No section for this BA group on the Employee File screen,shots/en-EMP-0002-full.png
463,Maintain,Profile,MT/MA Reference,,Sponser,Required,edit without approval,edit without approval,NO,,,MISSING,,No section for this BA group on the Employee File screen,shots/en-EMP-0002-full.png
464,Maintain,Profile,MT/MA Reference,,Year(AD),Required,edit without approval,edit without approval,NO,,,MISSING,,No section for this BA group on the Employee File screen,shots/en-EMP-0002-full.png
465,Maintain,Profile,MT/MA Reference,,Remark,Not Required,edit without approval,edit without approval,NO,,,MISSING,,No section for this BA group on the Employee File screen,shots/en-EMP-0002-full.png
466,Maintain,Profile,MT/MA Reference,,Attachment,Not Required,edit without approval,edit without approval,NO,,,MISSING,,No section for this BA group on the Employee File screen,shots/en-EMP-0002-full.png
467,Maintain,Profile,Top Strengths,,Year (AD),Required,edit without approval,edit without approval,NO,,,MISSING,,No section for this BA group on the Employee File screen,shots/en-EMP-0002-full.png
468,Maintain,Profile,Top Strengths,,Achievement,Required,edit without approval,edit without approval,NO,,,MISSING,,No section for this BA group on the Employee File screen,shots/en-EMP-0002-full.png
469,Maintain,Profile,Top Strengths,,Attachment,Not Required,edit without approval,edit without approval,NO,,,MISSING,,No section for this BA group on the Employee File screen,shots/en-EMP-0002-full.png
470,Maintain,Profile,Talent Reference,,Program,Required,edit without approval,edit without approval,NO,,,MISSING,,No section for this BA group on the Employee File screen,shots/en-EMP-0002-full.png
471,Maintain,Profile,Talent Reference,,Sponser,Not Required,edit without approval,edit without approval,NO,,,MISSING,,No section for this BA group on the Employee File screen,shots/en-EMP-0002-full.png
472,Maintain,Profile,Talent Reference,,Year(AD),Required,edit without approval,edit without approval,NO,,,MISSING,,No section for this BA group on the Employee File screen,shots/en-EMP-0002-full.png
473,Maintain,Profile,Talent Reference,,Remark,Not Required,edit without approval,edit without approval,NO,,,MISSING,,No section for this BA group on the Employee File screen,shots/en-EMP-0002-full.png
474,Maintain,Profile,Talent Reference,,Attachment,Not Required,edit without approval,edit without approval,NO,,,MISSING,,No section for this BA group on the Employee File screen,shots/en-EMP-0002-full.png
475,Maintain,Profile,Performance Group,,Year(AD),Required,edit without approval,edit without approval,NO,,,MISSING,,No section for this BA group on the Employee File screen,shots/en-EMP-0002-full.png
476,Maintain,Profile,Performance Group,,Group,Not Required,edit without approval,edit without approval,NO,,,MISSING,,No section for this BA group on the Employee File screen,shots/en-EMP-0002-full.png
477,Maintain,Profile,E-Letter_Password,,E-Letter Password,Not Required,N/A,edit without approval,NO,,,MISSING,,No section for this BA group on the Employee File screen,shots/en-EMP-0002-full.png
478,Maintain,Profile,E-Letter_Password,,Year,Not Required,N/A,edit without approval,NO,,,MISSING,,No section for this BA group on the Employee File screen,shots/en-EMP-0002-full.png
479,Maintain,Profile,E-Letter_Password,,PA Grade,Not Required,N/A,edit without approval,NO,,,MISSING,,No section for this BA group on the Employee File screen,shots/en-EMP-0002-full.png
480,Maintain,Profile,E-Letter_Password,,New Salary,Not Required,N/A,edit without approval,NO,,,MISSING,,No section for this BA group on the Employee File screen,shots/en-EMP-0002-full.png
481,Maintain,Profile,E-Letter_Password,,Extra Overceiling,Not Required,N/A,edit without approval,NO,,,MISSING,,No section for this BA group on the Employee File screen,shots/en-EMP-0002-full.png
482,Maintain,Profile,E-Letter_Password,,Bonus,Not Required,N/A,edit without approval,NO,,,MISSING,,No section for this BA group on the Employee File screen,shots/en-EMP-0002-full.png
483,Maintain,Profile,E-Letter_Password,,Old Salary,Not Required,N/A,edit without approval,NO,,,MISSING,,No section for this BA group on the Employee File screen,shots/en-EMP-0002-full.png
484,Maintain,Profile,E-Letter_Password,,Note,Not Required,N/A,edit without approval,NO,,,MISSING,,No section for this BA group on the Employee File screen,shots/en-EMP-0002-full.png
485,Maintain,Profile,Personal Assessment Summary,,1. Positive Side,Not Required,edit without approval,edit without approval,NO,,,MISSING,,No section for this BA group on the Employee File screen,shots/en-EMP-0002-full.png
486,Maintain,Profile,Personal Assessment Summary,,2. Positive Side,Not Required,edit without approval,edit without approval,NO,,,MISSING,,No section for this BA group on the Employee File screen,shots/en-EMP-0002-full.png
487,Maintain,Profile,Personal Assessment Summary,,3. Positive Side,Not Required,edit without approval,edit without approval,NO,,,MISSING,,No section for this BA group on the Employee File screen,shots/en-EMP-0002-full.png
488,Maintain,Profile,Personal Assessment Summary,,1. Need to be Improved Side,Not Required,edit without approval,edit without approval,NO,,,MISSING,,No section for this BA group on the Employee File screen,shots/en-EMP-0002-full.png
489,Maintain,Profile,Personal Assessment Summary,,2. Need to be Improved Side,Not Required,edit without approval,edit without approval,NO,,,MISSING,,No section for this BA group on the Employee File screen,shots/en-EMP-0002-full.png
490,Maintain,Profile,Personal Assessment Summary,,3. Need to be Improved Side,Not Required,edit without approval,edit without approval,NO,,,MISSING,,No section for this BA group on the Employee File screen,shots/en-EMP-0002-full.png
491,Maintain,Profile,Individual Documents,,Document Name,Required,view,edit without approval,YES,Documents & e-letter,เอกสารและหนังสือ,PARTIAL,(no dedicated label),card summary line,shots/en-emp-documents.png
492,Maintain,Profile,Individual Documents,,Effective Date,Required,view,edit without approval,YES,Documents & e-letter,เอกสารและหนังสือ,PARTIAL,(no dedicated label),document row date,shots/en-emp-documents.png
493,Maintain,Profile,Individual Documents,,Attachment,Required,view,edit without approval,YES,Documents & e-letter,เอกสารและหนังสือ,PARTIAL,(no dedicated label),"""PDF"" chip on the document row",shots/en-emp-documents.png
494,Maintain,Profile,Flexible Spending Accounts,,Plan Name,Not Required,edit without approval,edit without approval,NO,,,MISSING,,No section for this BA group on the Employee File screen,shots/en-EMP-0002-full.png
495,Maintain,Profile,Flexible Spending Accounts,,Election Amount,Not Required,edit without approval,edit without approval,NO,,,MISSING,,No section for this BA group on the Employee File screen,shots/en-EMP-0002-full.png
496,Maintain,Profile,Flexible Spending Accounts,,Total Contributions,Not Required,edit without approval,edit without approval,NO,,,MISSING,,No section for this BA group on the Employee File screen,shots/en-EMP-0002-full.png
497,Maintain,Profile,Flexible Spending Accounts,,Total Funds Out,Not Required,edit without approval,edit without approval,NO,,,MISSING,,No section for this BA group on the Employee File screen,shots/en-EMP-0002-full.png
498,Maintain,Profile,Flexible Spending Accounts,,Total Repayments,Not Required,edit without approval,edit without approval,NO,,,MISSING,,No section for this BA group on the Employee File screen,shots/en-EMP-0002-full.png
499,Maintain,Profile,Flexible Spending Accounts,,Available Balance,Not Required,edit without approval,edit without approval,NO,,,MISSING,,No section for this BA group on the Employee File screen,shots/en-EMP-0002-full.png
500,Maintain,Profile,Functional Experience,,Function,Required,edit without approval,edit without approval,NO,,,MISSING,,No section for this BA group on the Employee File screen,shots/en-EMP-0002-full.png
501,Maintain,Profile,Functional Experience,,Years of Experience,Not Required,edit without approval,edit without approval,NO,,,MISSING,,No section for this BA group on the Employee File screen,shots/en-EMP-0002-full.png
502,Maintain,Profile,Functional Experience,,Comments,Not Required,edit without approval,edit without approval,NO,,,MISSING,,No section for this BA group on the Employee File screen,shots/en-EMP-0002-full.png
503,Maintain,Profile,Leadership Experience,,Area of Leadership,Required,edit without approval,edit without approval,NO,,,MISSING,,No section for this BA group on the Employee File screen,shots/en-EMP-0002-full.png
504,Maintain,Profile,Leadership Experience,,Years of Experience,Not Required,edit without approval,edit without approval,NO,,,MISSING,,No section for this BA group on the Employee File screen,shots/en-EMP-0002-full.png
505,Maintain,Profile,Leadership Experience,,Number of People Managed,Not Required,edit without approval,edit without approval,NO,,,MISSING,,No section for this BA group on the Employee File screen,shots/en-EMP-0002-full.png
506,Maintain,Profile,Leadership Experience,,Amount Managed (M),Not Required,edit without approval,edit without approval,NO,,,MISSING,,No section for this BA group on the Employee File screen,shots/en-EMP-0002-full.png
507,Maintain,Profile,Leadership Experience,,Comments,Not Required,edit without approval,edit without approval,NO,,,MISSING,,No section for this BA group on the Employee File screen,shots/en-EMP-0002-full.png
508,Maintain,Profile,Professional Memberships,,Organisation,Required,edit without approval,edit without approval,YES,Professional memberships,สมาชิกภาพวิชาชีพ,MISSING,,"Section card is on screen but renders ""No records"" — no fields at all",shots/en-emp-memberships.png
509,Maintain,Profile,Professional Memberships,,Position/Role,Not Required,edit without approval,edit without approval,YES,Professional memberships,สมาชิกภาพวิชาชีพ,MISSING,,"Section card is on screen but renders ""No records"" — no fields at all",shots/en-emp-memberships.png
510,Maintain,Profile,Professional Memberships,,Start Date,Not Required,edit without approval,edit without approval,YES,Professional memberships,สมาชิกภาพวิชาชีพ,MISSING,,"Section card is on screen but renders ""No records"" — no fields at all",shots/en-emp-memberships.png
511,Maintain,Profile,Professional Memberships,,End Date,Not Required,edit without approval,edit without approval,YES,Professional memberships,สมาชิกภาพวิชาชีพ,MISSING,,"Section card is on screen but renders ""No records"" — no fields at all",shots/en-emp-memberships.png
512,Maintain,Profile,Career Aspirations,,Destination Role,Required,edit without approval,edit without approval,NO,,,MISSING,,No section for this BA group on the Employee File screen,shots/en-EMP-0002-full.png
513,Maintain,Profile,Career Aspirations,,Level,Not Required,edit without approval,edit without approval,NO,,,MISSING,,No section for this BA group on the Employee File screen,shots/en-EMP-0002-full.png
514,Maintain,Profile,Career Aspirations,,Function,Required,edit without approval,edit without approval,NO,,,MISSING,,No section for this BA group on the Employee File screen,shots/en-EMP-0002-full.png
515,Maintain,Profile,Career Aspirations,,Business Unit,Not Required,edit without approval,edit without approval,NO,,,MISSING,,No section for this BA group on the Employee File screen,shots/en-EMP-0002-full.png
516,Maintain,Profile,Career Aspirations,,Year(AD),Required,edit without approval,edit without approval,NO,,,MISSING,,No section for this BA group on the Employee File screen,shots/en-EMP-0002-full.png
517,Maintain,Profile,Career Aspirations,,Type,Not Required,edit without approval,edit without approval,NO,,,MISSING,,No section for this BA group on the Employee File screen,shots/en-EMP-0002-full.png
518,Maintain,Profile,Career Aspirations,,Comments,Not Required,edit without approval,edit without approval,NO,,,MISSING,,No section for this BA group on the Employee File screen,shots/en-EMP-0002-full.png
519,Maintain,Profile,Career Aspirations,,Status,Not Required,edit without approval,edit without approval,NO,,,MISSING,,No section for this BA group on the Employee File screen,shots/en-EMP-0002-full.png
520,Maintain,Profile,Career Aspirations,,Completed Date,Not Required,edit without approval,edit without approval,NO,,,MISSING,,No section for this BA group on the Employee File screen,shots/en-EMP-0002-full.png
521,Maintain,Profile,Promotability **Manager view only,,Level,Required,edit without approval,edit without approval,YES,Performance & promotability,การประเมิน / ศักยภาพเลื่อนตำแหน่ง,MISSING,,"Section ""Performance & promotability"" is on screen, but this field is not rendered",shots/en-emp-assessments.png
522,Maintain,Profile,Promotability **Manager view only,,Function,Required,edit without approval,edit without approval,YES,Performance & promotability,การประเมิน / ศักยภาพเลื่อนตำแหน่ง,MISSING,,"Section ""Performance & promotability"" is on screen, but this field is not rendered",shots/en-emp-assessments.png
523,Maintain,Profile,Promotability **Manager view only,,Timeframe,Required,edit without approval,edit without approval,YES,Performance & promotability,การประเมิน / ศักยภาพเลื่อนตำแหน่ง,MISSING,,"Section ""Performance & promotability"" is on screen, but this field is not rendered",shots/en-emp-assessments.png
524,Maintain,Profile,Special Assignments/Projects,,Assignment/Project,Required,edit without approval,edit without approval,YES,Special projects,โครงการพิเศษ,PARTIAL,(no dedicated label),card summary line,shots/en-emp-projects.png
525,Maintain,Profile,Special Assignments/Projects,,Description,Not Required,edit without approval,edit without approval,YES,Special projects,โครงการพิเศษ,MISSING,,"Section ""Special projects"" is on screen, but this field is not rendered",shots/en-emp-projects.png
526,Maintain,Profile,Special Assignments/Projects,,Comments,Not Required,edit without approval,edit without approval,YES,Special projects,โครงการพิเศษ,MISSING,,"Section ""Special projects"" is on screen, but this field is not rendered",shots/en-emp-projects.png
527,Maintain,Profile,Special Assignments/Projects,,Start Date,Required,edit without approval,edit without approval,YES,Special projects,โครงการพิเศษ,PARTIAL,(no dedicated label),year on the summary line,shots/en-emp-projects.png
528,Maintain,Profile,Special Assignments/Projects,,End Date,Not Required,edit without approval,edit without approval,YES,Special projects,โครงการพิเศษ,MISSING,,"Section ""Special projects"" is on screen, but this field is not rendered",shots/en-emp-projects.png
529,Maintain,Profile,OHS Certificate,,Completion date,Required,edit without approval,edit without approval,NO,,,MISSING,,No section for this BA group on the Employee File screen,shots/en-EMP-0002-full.png
530,Maintain,Profile,OHS Certificate,,Institute ID,Required,edit without approval,edit without approval,NO,,,MISSING,,No section for this BA group on the Employee File screen,shots/en-EMP-0002-full.png
531,Maintain,Profile,OHS Certificate,,Description,Required,edit without approval,edit without approval,NO,,,MISSING,,No section for this BA group on the Employee File screen,shots/en-EMP-0002-full.png
532,Maintain,Profile,OHS Certificate,,Comments,Required,edit without approval,edit without approval,NO,,,MISSING,,No section for this BA group on the Employee File screen,shots/en-EMP-0002-full.png
533,Maintain,Profile,OHS Certificate,,Certificate Number,Required,edit without approval,edit without approval,NO,,,MISSING,,No section for this BA group on the Employee File screen,shots/en-EMP-0002-full.png
534,Maintain,Profile,OHS Certificate,,Course,Required,edit without approval,edit without approval,NO,,,MISSING,,No section for this BA group on the Employee File screen,shots/en-EMP-0002-full.png
535,Maintain,Profile,OHS Certificate,,Course,Required,edit without approval,edit without approval,NO,,,MISSING,,No section for this BA group on the Employee File screen,shots/en-EMP-0002-full.png
536,Maintain,Profile,OHS Document,,Registration Date,Required,edit without approval,edit without approval,NO,,,MISSING,,No section for this BA group on the Employee File screen,shots/en-EMP-0002-full.png
537,Maintain,Profile,OHS Document,,Inactive Date,Not Required,edit without approval,edit without approval,NO,,,MISSING,,No section for this BA group on the Employee File screen,shots/en-EMP-0002-full.png
538,Maintain,Profile,OHS Document,,Labour Department Area,Required,edit without approval,edit without approval,NO,,,MISSING,,No section for this BA group on the Employee File screen,shots/en-EMP-0002-full.png
539,Maintain,Profile,OHS Document,,Document Number,Required,edit without approval,edit without approval,NO,,,MISSING,,No section for this BA group on the Employee File screen,shots/en-EMP-0002-full.png
540,Maintain,Profile,OHS Document,,Safety Officer Level,Required,edit without approval,edit without approval,NO,,,MISSING,,No section for this BA group on the Employee File screen,shots/en-EMP-0002-full.png
541,Maintain,Profile,OHS Document,,Direct Link - Name,Not Required,edit without approval,edit without approval,NO,,,MISSING,,No section for this BA group on the Employee File screen,shots/en-EMP-0002-full.png
542,Maintain,Profile,OHS Document,,Direct Link - URL,Not Required,edit without approval,edit without approval,NO,,,MISSING,,No section for this BA group on the Employee File screen,shots/en-EMP-0002-full.png
543,Maintain,Profile,OHS Document,,Attachment,Not Required,edit without approval,edit without approval,NO,,,MISSING,,No section for this BA group on the Employee File screen,shots/en-EMP-0002-full.png
544,Maintain,Profile,Previous Work History,,Start Date,Required,edit without approval,edit without approval,YES,Work experience,ประสบการณ์ทำงาน,PARTIAL,(no dedicated label),card summary line,shots/en-emp-work-experience.png
545,Maintain,Profile,Previous Work History,,End Date,Not Required,edit without approval,edit without approval,YES,Work experience,ประสบการณ์ทำงาน,PARTIAL,(no dedicated label),card summary line,shots/en-emp-work-experience.png
546,Maintain,Profile,Previous Work History,,Company Name,Required,edit without approval,edit without approval,YES,Work experience,ประสบการณ์ทำงาน,PARTIAL,(no dedicated label),card summary line,shots/en-emp-work-experience.png
547,Maintain,Profile,Previous Work History,,Type of Business,Not Required,edit without approval,edit without approval,YES,Work experience,ประสบการณ์ทำงาน,MISSING,,"Section ""Work experience"" is on screen, but this field is not rendered",shots/en-emp-work-experience.png
548,Maintain,Profile,Previous Work History,,Function,Not Required,edit without approval,edit without approval,YES,Work experience,ประสบการณ์ทำงาน,MISSING,,"Section ""Work experience"" is on screen, but this field is not rendered",shots/en-emp-work-experience.png
549,Maintain,Profile,Previous Work History,,Position,Required,edit without approval,edit without approval,YES,Work experience,ประสบการณ์ทำงาน,PARTIAL,(no dedicated label),card summary line,shots/en-emp-work-experience.png
550,Maintain,Profile,Previous Work History,,Additional Information,Not Required,edit without approval,edit without approval,YES,Work experience,ประสบการณ์ทำงาน,MISSING,,"Section ""Work experience"" is on screen, but this field is not rendered",shots/en-emp-work-experience.png
551,Maintain,Profile,Previous Work History,,Present Employer?,Required,edit without approval,edit without approval,YES,Work experience,ประสบการณ์ทำงาน,PARTIAL,(no dedicated label),"summary shows ""– ปัจจุบัน"" for the open-ended row",shots/en-emp-work-experience.png
552,Maintain,Profile,Employee Benefit Obligation(EBO),,Description,Required,edit without approval,edit without approval,NO,,,MISSING,,No section for this BA group on the Employee File screen,shots/en-EMP-0002-full.png
553,Maintain,Profile,Employee Benefit Obligation(EBO),,EBO Amount,Required,edit without approval,edit without approval,NO,,,MISSING,,No section for this BA group on the Employee File screen,shots/en-EMP-0002-full.png
554,Maintain,Profile,Employee Benefit Obligation(EBO),,หมายเหตุ,Not Required,edit without approval,edit without approval,NO,,,MISSING,,No section for this BA group on the Employee File screen,shots/en-EMP-0002-full.png
555,Maintain,Profile,Honours/Awards,,Honour or Award,Not Required,edit without approval,edit without approval,NO,,,MISSING,,No section for this BA group on the Employee File screen,shots/en-EMP-0002-full.png
556,Maintain,Profile,Honours/Awards,,Description,Not Required,edit without approval,edit without approval,NO,,,MISSING,,No section for this BA group on the Employee File screen,shots/en-EMP-0002-full.png
557,Maintain,Profile,Honours/Awards,,Institution,Not Required,edit without approval,edit without approval,NO,,,MISSING,,No section for this BA group on the Employee File screen,shots/en-EMP-0002-full.png
558,Maintain,Profile,Honours/Awards,,Issue Date,Not Required,edit without approval,edit without approval,NO,,,MISSING,,No section for this BA group on the Employee File screen,shots/en-EMP-0002-full.png
559,Maintain,Profile,Honours/Awards,,Additional Information,Not Required,edit without approval,edit without approval,NO,,,MISSING,,No section for this BA group on the Employee File screen,shots/en-EMP-0002-full.png
560,Maintain,Profile,Honours/Awards,,Attachment,Not Required,edit without approval,edit without approval,NO,,,MISSING,,No section for this BA group on the Employee File screen,shots/en-EMP-0002-full.png
561,Maintain,Profile,Legal Execution Department,,Legal Execution Department,Not Required,edit without approval,edit without approval,NO,,,MISSING,,No section for this BA group on the Employee File screen,shots/en-EMP-0002-full.png
562,Maintain,Profile,Legal Execution Department,,Execution Case No.,Not Required,edit without approval,edit without approval,NO,,,MISSING,,No section for this BA group on the Employee File screen,shots/en-EMP-0002-full.png
563,Maintain,Profile,Legal Execution Department,,Start Date,Not Required,edit without approval,edit without approval,NO,,,MISSING,,No section for this BA group on the Employee File screen,shots/en-EMP-0002-full.png
564,Maintain,Profile,Legal Execution Department,,End Date,Not Required,edit without approval,edit without approval,NO,,,MISSING,,No section for this BA group on the Employee File screen,shots/en-EMP-0002-full.png
565,Maintain,Profile,Legal Execution Department,,Other information,Not Required,edit without approval,edit without approval,NO,,,MISSING,,No section for this BA group on the Employee File screen,shots/en-EMP-0002-full.png
566,Maintain,Profile,Legal Execution Department,,Attachment,Not Required,edit without approval,edit without approval,NO,,,MISSING,,No section for this BA group on the Employee File screen,shots/en-EMP-0002-full.png
567,Maintain,Profile,Product Liability Insurance,,Effective Date,Not Required,edit without approval,edit without approval,NO,,,MISSING,,No section for this BA group on the Employee File screen,shots/en-EMP-0002-full.png
568,Maintain,Profile,Product Liability Insurance,,Insurance Company,Not Required,edit without approval,edit without approval,NO,,,MISSING,,No section for this BA group on the Employee File screen,shots/en-EMP-0002-full.png
569,Maintain,Profile,Product Liability Insurance,,Bank,Not Required,edit without approval,edit without approval,NO,,,MISSING,,No section for this BA group on the Employee File screen,shots/en-EMP-0002-full.png
570,Maintain,Profile,Product Liability Insurance,,value,Not Required,edit without approval,edit without approval,NO,,,MISSING,,No section for this BA group on the Employee File screen,shots/en-EMP-0002-full.png
571,Maintain,Profile,Product Liability Insurance,,status,Not Required,edit without approval,edit without approval,NO,,,MISSING,,No section for this BA group on the Employee File screen,shots/en-EMP-0002-full.png
572,Maintain,Profile,Product Liability Insurance,,Remark,Not Required,edit without approval,edit without approval,NO,,,MISSING,,No section for this BA group on the Employee File screen,shots/en-EMP-0002-full.png
573,Maintain,Profile,Student Loan,,Year of Contract,Not Required,edit without approval,edit without approval,NO,,,MISSING,,No section for this BA group on the Employee File screen,shots/en-EMP-0002-full.png
574,Maintain,Profile,Student Loan,,Levels of Education,Not Required,edit without approval,edit without approval,NO,,,MISSING,,No section for this BA group on the Employee File screen,shots/en-EMP-0002-full.png
575,Maintain,Profile,Student Loan,,Academic Year,Not Required,edit without approval,edit without approval,NO,,,MISSING,,No section for this BA group on the Employee File screen,shots/en-EMP-0002-full.png
576,Maintain,Profile,Student Loan,,Year of final payment,Not Required,edit without approval,edit without approval,NO,,,MISSING,,No section for this BA group on the Employee File screen,shots/en-EMP-0002-full.png
577,Maintain,Profile,Student Loan,,Attachment,Not Required,edit without approval,edit without approval,NO,,,MISSING,,No section for this BA group on the Employee File screen,shots/en-EMP-0002-full.png
578,Maintain,Profile,Student Loan,,Remark,Not Required,edit without approval,edit without approval,NO,,,MISSING,,No section for this BA group on the Employee File screen,shots/en-EMP-0002-full.png
579,Maintain,Profile,Work Experience Within Company (History),,Start Date,Required,view,edit without approval,YES,Work experience,ประสบการณ์ทำงาน,PARTIAL,(no dedicated label),card summary line,shots/en-emp-work-experience.png
580,Maintain,Profile,Work Experience Within Company (History),,End Date,Not Required,view,edit without approval,YES,Work experience,ประสบการณ์ทำงาน,PARTIAL,(no dedicated label),card summary line,shots/en-emp-work-experience.png
581,Maintain,Profile,Work Experience Within Company (History),,Event,Required,view,edit without approval,YES,Work experience,ประสบการณ์ทำงาน,MISSING,,"Section ""Work experience"" is on screen, but this field is not rendered",shots/en-emp-work-experience.png
582,Maintain,Profile,Work Experience Within Company (History),,Event Reason,Required,view,edit without approval,YES,Work experience,ประสบการณ์ทำงาน,MISSING,,"Section ""Work experience"" is on screen, but this field is not rendered",shots/en-emp-work-experience.png
583,Maintain,Profile,Work Experience Within Company (History),,Company,Not Required,view,edit without approval,YES,Work experience,ประสบการณ์ทำงาน,PARTIAL,(no dedicated label),card summary line,shots/en-emp-work-experience.png
584,Maintain,Profile,Work Experience Within Company (History),,Business Unit,Not Required,view,edit without approval,YES,Work experience,ประสบการณ์ทำงาน,MISSING,,"Section ""Work experience"" is on screen, but this field is not rendered",shots/en-emp-work-experience.png
585,Maintain,Profile,Work Experience Within Company (History),,Function,Not Required,view,edit without approval,YES,Work experience,ประสบการณ์ทำงาน,MISSING,,"Section ""Work experience"" is on screen, but this field is not rendered",shots/en-emp-work-experience.png
586,Maintain,Profile,Work Experience Within Company (History),,Organization,Not Required,view,edit without approval,YES,Work experience,ประสบการณ์ทำงาน,MISSING,,"Section ""Work experience"" is on screen, but this field is not rendered",shots/en-emp-work-experience.png
587,Maintain,Profile,Work Experience Within Company (History),,Department,Not Required,view,edit without approval,YES,Work experience,ประสบการณ์ทำงาน,MISSING,,"Section ""Work experience"" is on screen, but this field is not rendered",shots/en-emp-work-experience.png
588,Maintain,Profile,Work Experience Within Company (History),,Store/Branch Code,Not Required,view,edit without approval,YES,Work experience,ประสบการณ์ทำงาน,MISSING,,"Section ""Work experience"" is on screen, but this field is not rendered",shots/en-emp-work-experience.png
589,Maintain,Profile,Work Experience Within Company (History),,Work Location,Not Required,view,edit without approval,YES,Work experience,ประสบการณ์ทำงาน,MISSING,,"Section ""Work experience"" is on screen, but this field is not rendered",shots/en-emp-work-experience.png
590,Maintain,Profile,Work Experience Within Company (History),,Posiiton Code,Not Required,view,edit without approval,YES,Work experience,ประสบการณ์ทำงาน,MISSING,,"Section ""Work experience"" is on screen, but this field is not rendered",shots/en-emp-work-experience.png
591,Maintain,Profile,Work Experience Within Company (History),,Position Name,Not Required,view,edit without approval,YES,Work experience,ประสบการณ์ทำงาน,PARTIAL,(no dedicated label),card summary line,shots/en-emp-work-experience.png
592,Maintain,Profile,Work Experience Within Company (History),,Supervisor ID,Not Required,view,edit without approval,YES,Work experience,ประสบการณ์ทำงาน,MISSING,,"Section ""Work experience"" is on screen, but this field is not rendered",shots/en-emp-work-experience.png
593,Maintain,Profile,Work Experience Within Company (History),,Job Family,Not Required,view,edit without approval,YES,Work experience,ประสบการณ์ทำงาน,MISSING,,"Section ""Work experience"" is on screen, but this field is not rendered",shots/en-emp-work-experience.png
594,Maintain,Profile,Work Experience Within Company (History),,Job Code,Not Required,view,edit without approval,YES,Work experience,ประสบการณ์ทำงาน,MISSING,,"Section ""Work experience"" is on screen, but this field is not rendered",shots/en-emp-work-experience.png
595,Maintain,Profile,Work Experience Within Company (History),,Job Role,Not Required,view,edit without approval,YES,Work experience,ประสบการณ์ทำงาน,MISSING,,"Section ""Work experience"" is on screen, but this field is not rendered",shots/en-emp-work-experience.png
596,Maintain,Profile,Work Experience Within Company (History),,Person Grade,Not Required,view,edit without approval,YES,Work experience,ประสบการณ์ทำงาน,MISSING,,"Section ""Work experience"" is on screen, but this field is not rendered",shots/en-emp-work-experience.png
597,Maintain,Profile,Work Experience Within Company (History),,Job Grade,Not Required,view,edit without approval,YES,Work experience,ประสบการณ์ทำงาน,MISSING,,"Section ""Work experience"" is on screen, but this field is not rendered",shots/en-emp-work-experience.png
598,Maintain,Profile,Work Experience Within Company (History),,Corperate Title,Not Required,view,edit without approval,YES,Work experience,ประสบการณ์ทำงาน,MISSING,,"Section ""Work experience"" is on screen, but this field is not rendered",shots/en-emp-work-experience.png
599,Maintain,Profile,Work Experience Within Company (History),,Band,Not Required,view,edit without approval,YES,Work experience,ประสบการณ์ทำงาน,MISSING,,"Section ""Work experience"" is on screen, but this field is not rendered",shots/en-emp-work-experience.png
600,Maintain,Profile,Work Experience Within Company (History),,Employee Group,Not Required,view,edit without approval,YES,Work experience,ประสบการณ์ทำงาน,MISSING,,"Section ""Work experience"" is on screen, but this field is not rendered",shots/en-emp-work-experience.png
601,Maintain,Profile,Work Experience Within Company (History),,Contract Type,Not Required,view,edit without approval,YES,Work experience,ประสบการณ์ทำงาน,MISSING,,"Section ""Work experience"" is on screen, but this field is not rendered",shots/en-emp-work-experience.png
602,Maintain,Profile,Pending,,Badges,Not Required,view,edit without approval,NO,,,MISSING,,No section for this BA group on the Employee File screen,shots/en-EMP-0002-full.png
603,Maintain,Profile,Profile,,Org Chart,Not Required,view,edit without approval,NO,,,MISSING,,No section for this BA group on the Employee File screen,shots/en-EMP-0002-full.png
604,Maintain,Profile,Profile,,Tags,Not Required,view,edit without approval,NO,,,MISSING,,No section for this BA group on the Employee File screen,shots/en-EMP-0002-full.png
